placename,year_month,common_name,n_detections,sampling_days
BCAM1,2024-08,American Badger,1,31
BCAM1,2024-08,Bobcat,6,31
BCAM1,2024-08,Coyote,1,31
BCAM1,2024-08,Domestic Dog,0,31
BCAM1,2024-08,Human,4,31
BCAM1,2024-08,Human-Camera Trapper,4,31
BCAM1,2024-08,Mule Deer,15,31
BCAM1,2024-08,North American River Otter,0,31
BCAM1,2024-08,Northern Elephant Seal,0,31
BCAM1,2024-08,Northern Raccoon,0,31
BCAM1,2024-08,Striped Skunk,0,31
BCAM1,2024-08,Brush Rabbit,0,31
BCAM1,2024-08,Californian Sea Lion,0,31
BCAM1,2024-08,Domestic Cattle,0,31
BCAM1,2024-08,Elk,0,31
BCAM1,2024-08,Black-tailed Jackrabbit,0,31
BCAM1,2023-09,American Badger,0,7
BCAM1,2023-09,Bobcat,1,7
BCAM1,2023-09,Coyote,0,7
BCAM1,2023-09,Domestic Dog,0,7
BCAM1,2023-09,Human,5,7
BCAM1,2023-09,Human-Camera Trapper,3,7
BCAM1,2023-09,Mule Deer,4,7
BCAM1,2023-09,North American River Otter,0,7
BCAM1,2023-09,Northern Elephant Seal,0,7
BCAM1,2023-09,Northern Raccoon,0,7
BCAM1,2023-09,Striped Skunk,0,7
BCAM1,2023-09,Brush Rabbit,0,7
BCAM1,2023-09,Californian Sea Lion,0,7
BCAM1,2023-09,Domestic Cattle,0,7
BCAM1,2023-09,Elk,0,7
BCAM1,2023-09,Black-tailed Jackrabbit,0,7
BCAM1,2023-10,American Badger,0,31
BCAM1,2023-10,Bobcat,5,31
BCAM1,2023-10,Coyote,2,31
BCAM1,2023-10,Domestic Dog,1,31
BCAM1,2023-10,Human,13,31
BCAM1,2023-10,Human-Camera Trapper,2,31
BCAM1,2023-10,Mule Deer,7,31
BCAM1,2023-10,North American River Otter,0,31
BCAM1,2023-10,Northern Elephant Seal,0,31
BCAM1,2023-10,Northern Raccoon,3,31
BCAM1,2023-10,Striped Skunk,0,31
BCAM1,2023-10,Brush Rabbit,0,31
BCAM1,2023-10,Californian Sea Lion,0,31
BCAM1,2023-10,Domestic Cattle,0,31
BCAM1,2023-10,Elk,0,31
BCAM1,2023-10,Black-tailed Jackrabbit,0,31
BCAM1,2024-04,American Badger,0,30
BCAM1,2024-04,Bobcat,1,30
BCAM1,2024-04,Coyote,6,30
BCAM1,2024-04,Domestic Dog,1,30
BCAM1,2024-04,Human,38,30
BCAM1,2024-04,Human-Camera Trapper,2,30
BCAM1,2024-04,Mule Deer,1,30
BCAM1,2024-04,North American River Otter,0,30
BCAM1,2024-04,Northern Elephant Seal,16,30
BCAM1,2024-04,Northern Raccoon,0,30
BCAM1,2024-04,Striped Skunk,0,30
BCAM1,2024-04,Brush Rabbit,0,30
BCAM1,2024-04,Californian Sea Lion,0,30
BCAM1,2024-04,Domestic Cattle,0,30
BCAM1,2024-04,Elk,0,30
BCAM1,2024-04,Black-tailed Jackrabbit,0,30
BCAM1,2024-05,American Badger,0,31
BCAM1,2024-05,Bobcat,10,31
BCAM1,2024-05,Coyote,3,31
BCAM1,2024-05,Domestic Dog,0,31
BCAM1,2024-05,Human,34,31
BCAM1,2024-05,Human-Camera Trapper,2,31
BCAM1,2024-05,Mule Deer,17,31
BCAM1,2024-05,North American River Otter,1,31
BCAM1,2024-05,Northern Elephant Seal,1,31
BCAM1,2024-05,Northern Raccoon,0,31
BCAM1,2024-05,Striped Skunk,0,31
BCAM1,2024-05,Brush Rabbit,0,31
BCAM1,2024-05,Californian Sea Lion,0,31
BCAM1,2024-05,Domestic Cattle,0,31
BCAM1,2024-05,Elk,0,31
BCAM1,2024-05,Black-tailed Jackrabbit,0,31
BCAM1,2024-06,American Badger,0,30
BCAM1,2024-06,Bobcat,9,30
BCAM1,2024-06,Coyote,0,30
BCAM1,2024-06,Domestic Dog,0,30
BCAM1,2024-06,Human,16,30
BCAM1,2024-06,Human-Camera Trapper,4,30
BCAM1,2024-06,Mule Deer,7,30
BCAM1,2024-06,North American River Otter,0,30
BCAM1,2024-06,Northern Elephant Seal,0,30
BCAM1,2024-06,Northern Raccoon,0,30
BCAM1,2024-06,Striped Skunk,0,30
BCAM1,2024-06,Brush Rabbit,0,30
BCAM1,2024-06,Californian Sea Lion,0,30
BCAM1,2024-06,Domestic Cattle,0,30
BCAM1,2024-06,Elk,0,30
BCAM1,2024-06,Black-tailed Jackrabbit,0,30
BCAM1,2024-07,American Badger,0,31
BCAM1,2024-07,Bobcat,10,31
BCAM1,2024-07,Coyote,2,31
BCAM1,2024-07,Domestic Dog,0,31
BCAM1,2024-07,Human,14,31
BCAM1,2024-07,Human-Camera Trapper,0,31
BCAM1,2024-07,Mule Deer,9,31
BCAM1,2024-07,North American River Otter,0,31
BCAM1,2024-07,Northern Elephant Seal,0,31
BCAM1,2024-07,Northern Raccoon,0,31
BCAM1,2024-07,Striped Skunk,0,31
BCAM1,2024-07,Brush Rabbit,0,31
BCAM1,2024-07,Californian Sea Lion,0,31
BCAM1,2024-07,Domestic Cattle,0,31
BCAM1,2024-07,Elk,0,31
BCAM1,2024-07,Black-tailed Jackrabbit,0,31
BCAM1,2024-09,American Badger,0,30
BCAM1,2024-09,Bobcat,3,30
BCAM1,2024-09,Coyote,0,30
BCAM1,2024-09,Domestic Dog,0,30
BCAM1,2024-09,Human,14,30
BCAM1,2024-09,Human-Camera Trapper,2,30
BCAM1,2024-09,Mule Deer,10,30
BCAM1,2024-09,North American River Otter,0,30
BCAM1,2024-09,Northern Elephant Seal,0,30
BCAM1,2024-09,Northern Raccoon,1,30
BCAM1,2024-09,Striped Skunk,0,30
BCAM1,2024-09,Brush Rabbit,0,30
BCAM1,2024-09,Californian Sea Lion,0,30
BCAM1,2024-09,Domestic Cattle,0,30
BCAM1,2024-09,Elk,0,30
BCAM1,2024-09,Black-tailed Jackrabbit,0,30
BCAM1,2024-11,American Badger,0,30
BCAM1,2024-11,Bobcat,1,30
BCAM1,2024-11,Coyote,1,30
BCAM1,2024-11,Domestic Dog,0,30
BCAM1,2024-11,Human,20,30
BCAM1,2024-11,Human-Camera Trapper,2,30
BCAM1,2024-11,Mule Deer,9,30
BCAM1,2024-11,North American River Otter,2,30
BCAM1,2024-11,Northern Elephant Seal,0,30
BCAM1,2024-11,Northern Raccoon,5,30
BCAM1,2024-11,Striped Skunk,0,30
BCAM1,2024-11,Brush Rabbit,0,30
BCAM1,2024-11,Californian Sea Lion,0,30
BCAM1,2024-11,Domestic Cattle,0,30
BCAM1,2024-11,Elk,0,30
BCAM1,2024-11,Black-tailed Jackrabbit,0,30
BCAM1,2024-12,American Badger,0,31
BCAM1,2024-12,Bobcat,1,31
BCAM1,2024-12,Coyote,3,31
BCAM1,2024-12,Domestic Dog,0,31
BCAM1,2024-12,Human,20,31
BCAM1,2024-12,Human-Camera Trapper,3,31
BCAM1,2024-12,Mule Deer,0,31
BCAM1,2024-12,North American River Otter,0,31
BCAM1,2024-12,Northern Elephant Seal,2,31
BCAM1,2024-12,Northern Raccoon,4,31
BCAM1,2024-12,Striped Skunk,1,31
BCAM1,2024-12,Brush Rabbit,0,31
BCAM1,2024-12,Californian Sea Lion,0,31
BCAM1,2024-12,Domestic Cattle,0,31
BCAM1,2024-12,Elk,0,31
BCAM1,2024-12,Black-tailed Jackrabbit,0,31
BCAM1,2025-06,American Badger,0,30
BCAM1,2025-06,Bobcat,3,30
BCAM1,2025-06,Coyote,2,30
BCAM1,2025-06,Domestic Dog,0,30
BCAM1,2025-06,Human,11,30
BCAM1,2025-06,Human-Camera Trapper,3,30
BCAM1,2025-06,Mule Deer,6,30
BCAM1,2025-06,North American River Otter,0,30
BCAM1,2025-06,Northern Elephant Seal,0,30
BCAM1,2025-06,Northern Raccoon,0,30
BCAM1,2025-06,Striped Skunk,0,30
BCAM1,2025-06,Brush Rabbit,0,30
BCAM1,2025-06,Californian Sea Lion,0,30
BCAM1,2025-06,Domestic Cattle,0,30
BCAM1,2025-06,Elk,0,30
BCAM1,2025-06,Black-tailed Jackrabbit,0,30
BCAM1,2025-08,American Badger,0,31
BCAM1,2025-08,Bobcat,1,31
BCAM1,2025-08,Coyote,2,31
BCAM1,2025-08,Domestic Dog,0,31
BCAM1,2025-08,Human,13,31
BCAM1,2025-08,Human-Camera Trapper,0,31
BCAM1,2025-08,Mule Deer,18,31
BCAM1,2025-08,North American River Otter,1,31
BCAM1,2025-08,Northern Elephant Seal,0,31
BCAM1,2025-08,Northern Raccoon,1,31
BCAM1,2025-08,Striped Skunk,2,31
BCAM1,2025-08,Brush Rabbit,0,31
BCAM1,2025-08,Californian Sea Lion,0,31
BCAM1,2025-08,Domestic Cattle,0,31
BCAM1,2025-08,Elk,0,31
BCAM1,2025-08,Black-tailed Jackrabbit,0,31
BCAM1,2025-09,American Badger,0,30
BCAM1,2025-09,Bobcat,11,30
BCAM1,2025-09,Coyote,1,30
BCAM1,2025-09,Domestic Dog,0,30
BCAM1,2025-09,Human,6,30
BCAM1,2025-09,Human-Camera Trapper,2,30
BCAM1,2025-09,Mule Deer,13,30
BCAM1,2025-09,North American River Otter,0,30
BCAM1,2025-09,Northern Elephant Seal,0,30
BCAM1,2025-09,Northern Raccoon,0,30
BCAM1,2025-09,Striped Skunk,4,30
BCAM1,2025-09,Brush Rabbit,0,30
BCAM1,2025-09,Californian Sea Lion,0,30
BCAM1,2025-09,Domestic Cattle,0,30
BCAM1,2025-09,Elk,0,30
BCAM1,2025-09,Black-tailed Jackrabbit,0,30
BCAM1,2025-12,American Badger,0,24
BCAM1,2025-12,Bobcat,1,24
BCAM1,2025-12,Coyote,4,24
BCAM1,2025-12,Domestic Dog,0,24
BCAM1,2025-12,Human,4,24
BCAM1,2025-12,Human-Camera Trapper,1,24
BCAM1,2025-12,Mule Deer,0,24
BCAM1,2025-12,North American River Otter,0,24
BCAM1,2025-12,Northern Elephant Seal,3,24
BCAM1,2025-12,Northern Raccoon,0,24
BCAM1,2025-12,Striped Skunk,0,24
BCAM1,2025-12,Brush Rabbit,0,24
BCAM1,2025-12,Californian Sea Lion,0,24
BCAM1,2025-12,Domestic Cattle,0,24
BCAM1,2025-12,Elk,0,24
BCAM1,2025-12,Black-tailed Jackrabbit,0,24
BCAM1,2026-01,American Badger,0,31
BCAM1,2026-01,Bobcat,2,31
BCAM1,2026-01,Coyote,14,31
BCAM1,2026-01,Domestic Dog,0,31
BCAM1,2026-01,Human,3,31
BCAM1,2026-01,Human-Camera Trapper,2,31
BCAM1,2026-01,Mule Deer,0,31
BCAM1,2026-01,North American River Otter,0,31
BCAM1,2026-01,Northern Elephant Seal,30,31
BCAM1,2026-01,Northern Raccoon,0,31
BCAM1,2026-01,Striped Skunk,0,31
BCAM1,2026-01,Brush Rabbit,0,31
BCAM1,2026-01,Californian Sea Lion,0,31
BCAM1,2026-01,Domestic Cattle,0,31
BCAM1,2026-01,Elk,0,31
BCAM1,2026-01,Black-tailed Jackrabbit,0,31
BCAM1,2026-05,American Badger,0,30
BCAM1,2026-05,Bobcat,2,30
BCAM1,2026-05,Coyote,5,30
BCAM1,2026-05,Domestic Dog,0,30
BCAM1,2026-05,Human,10,30
BCAM1,2026-05,Human-Camera Trapper,1,30
BCAM1,2026-05,Mule Deer,9,30
BCAM1,2026-05,North American River Otter,0,30
BCAM1,2026-05,Northern Elephant Seal,0,30
BCAM1,2026-05,Northern Raccoon,5,30
BCAM1,2026-05,Striped Skunk,3,30
BCAM1,2026-05,Brush Rabbit,0,30
BCAM1,2026-05,Californian Sea Lion,0,30
BCAM1,2026-05,Domestic Cattle,0,30
BCAM1,2026-05,Elk,0,30
BCAM1,2026-05,Black-tailed Jackrabbit,0,30
BCAM1,2022-12,American Badger,0,10
BCAM1,2022-12,Bobcat,0,10
BCAM1,2022-12,Coyote,3,10
BCAM1,2022-12,Domestic Dog,0,10
BCAM1,2022-12,Human,9,10
BCAM1,2022-12,Human-Camera Trapper,2,10
BCAM1,2022-12,Mule Deer,0,10
BCAM1,2022-12,North American River Otter,0,10
BCAM1,2022-12,Northern Elephant Seal,1,10
BCAM1,2022-12,Northern Raccoon,0,10
BCAM1,2022-12,Striped Skunk,0,10
BCAM1,2022-12,Brush Rabbit,0,10
BCAM1,2022-12,Californian Sea Lion,0,10
BCAM1,2022-12,Domestic Cattle,0,10
BCAM1,2022-12,Elk,0,10
BCAM1,2022-12,Black-tailed Jackrabbit,0,10
BCAM1,2023-01,American Badger,0,31
BCAM1,2023-01,Bobcat,0,31
BCAM1,2023-01,Coyote,4,31
BCAM1,2023-01,Domestic Dog,0,31
BCAM1,2023-01,Human,10,31
BCAM1,2023-01,Human-Camera Trapper,0,31
BCAM1,2023-01,Mule Deer,0,31
BCAM1,2023-01,North American River Otter,0,31
BCAM1,2023-01,Northern Elephant Seal,4,31
BCAM1,2023-01,Northern Raccoon,0,31
BCAM1,2023-01,Striped Skunk,0,31
BCAM1,2023-01,Brush Rabbit,0,31
BCAM1,2023-01,Californian Sea Lion,0,31
BCAM1,2023-01,Domestic Cattle,0,31
BCAM1,2023-01,Elk,0,31
BCAM1,2023-01,Black-tailed Jackrabbit,0,31
BCAM1,2023-02,American Badger,0,28
BCAM1,2023-02,Bobcat,0,28
BCAM1,2023-02,Coyote,2,28
BCAM1,2023-02,Domestic Dog,0,28
BCAM1,2023-02,Human,9,28
BCAM1,2023-02,Human-Camera Trapper,0,28
BCAM1,2023-02,Mule Deer,0,28
BCAM1,2023-02,North American River Otter,0,28
BCAM1,2023-02,Northern Elephant Seal,24,28
BCAM1,2023-02,Northern Raccoon,0,28
BCAM1,2023-02,Striped Skunk,0,28
BCAM1,2023-02,Brush Rabbit,0,28
BCAM1,2023-02,Californian Sea Lion,0,28
BCAM1,2023-02,Domestic Cattle,0,28
BCAM1,2023-02,Elk,0,28
BCAM1,2023-02,Black-tailed Jackrabbit,0,28
BCAM1,2023-03,American Badger,0,10
BCAM1,2023-03,Bobcat,0,10
BCAM1,2023-03,Coyote,6,10
BCAM1,2023-03,Domestic Dog,0,10
BCAM1,2023-03,Human,0,10
BCAM1,2023-03,Human-Camera Trapper,0,10
BCAM1,2023-03,Mule Deer,0,10
BCAM1,2023-03,North American River Otter,0,10
BCAM1,2023-03,Northern Elephant Seal,3,10
BCAM1,2023-03,Northern Raccoon,0,10
BCAM1,2023-03,Striped Skunk,0,10
BCAM1,2023-03,Brush Rabbit,0,10
BCAM1,2023-03,Californian Sea Lion,0,10
BCAM1,2023-03,Domestic Cattle,0,10
BCAM1,2023-03,Elk,0,10
BCAM1,2023-03,Black-tailed Jackrabbit,0,10
BCAM1,2024-01,American Badger,0,19
BCAM1,2024-01,Bobcat,0,19
BCAM1,2024-01,Coyote,7,19
BCAM1,2024-01,Domestic Dog,0,19
BCAM1,2024-01,Human,2,19
BCAM1,2024-01,Human-Camera Trapper,0,19
BCAM1,2024-01,Mule Deer,0,19
BCAM1,2024-01,North American River Otter,0,19
BCAM1,2024-01,Northern Elephant Seal,43,19
BCAM1,2024-01,Northern Raccoon,0,19
BCAM1,2024-01,Striped Skunk,0,19
BCAM1,2024-01,Brush Rabbit,0,19
BCAM1,2024-01,Californian Sea Lion,0,19
BCAM1,2024-01,Domestic Cattle,0,19
BCAM1,2024-01,Elk,0,19
BCAM1,2024-01,Black-tailed Jackrabbit,0,19
BCAM1,2024-02,American Badger,0,10
BCAM1,2024-02,Bobcat,0,10
BCAM1,2024-02,Coyote,1,10
BCAM1,2024-02,Domestic Dog,0,10
BCAM1,2024-02,Human,4,10
BCAM1,2024-02,Human-Camera Trapper,1,10
BCAM1,2024-02,Mule Deer,0,10
BCAM1,2024-02,North American River Otter,0,10
BCAM1,2024-02,Northern Elephant Seal,43,10
BCAM1,2024-02,Northern Raccoon,0,10
BCAM1,2024-02,Striped Skunk,0,10
BCAM1,2024-02,Brush Rabbit,0,10
BCAM1,2024-02,Californian Sea Lion,0,10
BCAM1,2024-02,Domestic Cattle,0,10
BCAM1,2024-02,Elk,0,10
BCAM1,2024-02,Black-tailed Jackrabbit,0,10
BCAM1,2024-03,American Badger,0,23
BCAM1,2024-03,Bobcat,0,23
BCAM1,2024-03,Coyote,1,23
BCAM1,2024-03,Domestic Dog,0,23
BCAM1,2024-03,Human,2,23
BCAM1,2024-03,Human-Camera Trapper,1,23
BCAM1,2024-03,Mule Deer,0,23
BCAM1,2024-03,North American River Otter,0,23
BCAM1,2024-03,Northern Elephant Seal,161,23
BCAM1,2024-03,Northern Raccoon,0,23
BCAM1,2024-03,Striped Skunk,0,23
BCAM1,2024-03,Brush Rabbit,0,23
BCAM1,2024-03,Californian Sea Lion,0,23
BCAM1,2024-03,Domestic Cattle,0,23
BCAM1,2024-03,Elk,0,23
BCAM1,2024-03,Black-tailed Jackrabbit,0,23
BCAM1,2024-10,American Badger,0,31
BCAM1,2024-10,Bobcat,0,31
BCAM1,2024-10,Coyote,3,31
BCAM1,2024-10,Domestic Dog,0,31
BCAM1,2024-10,Human,20,31
BCAM1,2024-10,Human-Camera Trapper,2,31
BCAM1,2024-10,Mule Deer,12,31
BCAM1,2024-10,North American River Otter,0,31
BCAM1,2024-10,Northern Elephant Seal,0,31
BCAM1,2024-10,Northern Raccoon,3,31
BCAM1,2024-10,Striped Skunk,0,31
BCAM1,2024-10,Brush Rabbit,0,31
BCAM1,2024-10,Californian Sea Lion,0,31
BCAM1,2024-10,Domestic Cattle,0,31
BCAM1,2024-10,Elk,0,31
BCAM1,2024-10,Black-tailed Jackrabbit,0,31
BCAM1,2025-01,American Badger,0,31
BCAM1,2025-01,Bobcat,0,31
BCAM1,2025-01,Coyote,7,31
BCAM1,2025-01,Domestic Dog,0,31
BCAM1,2025-01,Human,3,31
BCAM1,2025-01,Human-Camera Trapper,2,31
BCAM1,2025-01,Mule Deer,0,31
BCAM1,2025-01,North American River Otter,0,31
BCAM1,2025-01,Northern Elephant Seal,11,31
BCAM1,2025-01,Northern Raccoon,0,31
BCAM1,2025-01,Striped Skunk,0,31
BCAM1,2025-01,Brush Rabbit,0,31
BCAM1,2025-01,Californian Sea Lion,0,31
BCAM1,2025-01,Domestic Cattle,0,31
BCAM1,2025-01,Elk,0,31
BCAM1,2025-01,Black-tailed Jackrabbit,0,31
BCAM1,2025-02,American Badger,0,28
BCAM1,2025-02,Bobcat,0,28
BCAM1,2025-02,Coyote,8,28
BCAM1,2025-02,Domestic Dog,0,28
BCAM1,2025-02,Human,6,28
BCAM1,2025-02,Human-Camera Trapper,3,28
BCAM1,2025-02,Mule Deer,0,28
BCAM1,2025-02,North American River Otter,0,28
BCAM1,2025-02,Northern Elephant Seal,26,28
BCAM1,2025-02,Northern Raccoon,0,28
BCAM1,2025-02,Striped Skunk,0,28
BCAM1,2025-02,Brush Rabbit,0,28
BCAM1,2025-02,Californian Sea Lion,0,28
BCAM1,2025-02,Domestic Cattle,0,28
BCAM1,2025-02,Elk,0,28
BCAM1,2025-02,Black-tailed Jackrabbit,0,28
BCAM1,2025-07,American Badger,0,31
BCAM1,2025-07,Bobcat,0,31
BCAM1,2025-07,Coyote,2,31
BCAM1,2025-07,Domestic Dog,0,31
BCAM1,2025-07,Human,12,31
BCAM1,2025-07,Human-Camera Trapper,0,31
BCAM1,2025-07,Mule Deer,11,31
BCAM1,2025-07,North American River Otter,0,31
BCAM1,2025-07,Northern Elephant Seal,0,31
BCAM1,2025-07,Northern Raccoon,2,31
BCAM1,2025-07,Striped Skunk,0,31
BCAM1,2025-07,Brush Rabbit,0,31
BCAM1,2025-07,Californian Sea Lion,0,31
BCAM1,2025-07,Domestic Cattle,0,31
BCAM1,2025-07,Elk,0,31
BCAM1,2025-07,Black-tailed Jackrabbit,0,31
BCAM1,2025-10,American Badger,0,29
BCAM1,2025-10,Bobcat,0,29
BCAM1,2025-10,Coyote,4,29
BCAM1,2025-10,Domestic Dog,0,29
BCAM1,2025-10,Human,5,29
BCAM1,2025-10,Human-Camera Trapper,2,29
BCAM1,2025-10,Mule Deer,13,29
BCAM1,2025-10,North American River Otter,1,29
BCAM1,2025-10,Northern Elephant Seal,0,29
BCAM1,2025-10,Northern Raccoon,7,29
BCAM1,2025-10,Striped Skunk,1,29
BCAM1,2025-10,Brush Rabbit,0,29
BCAM1,2025-10,Californian Sea Lion,0,29
BCAM1,2025-10,Domestic Cattle,0,29
BCAM1,2025-10,Elk,0,29
BCAM1,2025-10,Black-tailed Jackrabbit,0,29
BCAM1,2026-02,American Badger,0,28
BCAM1,2026-02,Bobcat,0,28
BCAM1,2026-02,Coyote,17,28
BCAM1,2026-02,Domestic Dog,0,28
BCAM1,2026-02,Human,1,28
BCAM1,2026-02,Human-Camera Trapper,3,28
BCAM1,2026-02,Mule Deer,0,28
BCAM1,2026-02,North American River Otter,0,28
BCAM1,2026-02,Northern Elephant Seal,143,28
BCAM1,2026-02,Northern Raccoon,0,28
BCAM1,2026-02,Striped Skunk,0,28
BCAM1,2026-02,Brush Rabbit,0,28
BCAM1,2026-02,Californian Sea Lion,0,28
BCAM1,2026-02,Domestic Cattle,0,28
BCAM1,2026-02,Elk,0,28
BCAM1,2026-02,Black-tailed Jackrabbit,0,28
BCAM1,2026-03,American Badger,0,31
BCAM1,2026-03,Bobcat,0,31
BCAM1,2026-03,Coyote,6,31
BCAM1,2026-03,Domestic Dog,0,31
BCAM1,2026-03,Human,1,31
BCAM1,2026-03,Human-Camera Trapper,0,31
BCAM1,2026-03,Mule Deer,0,31
BCAM1,2026-03,North American River Otter,0,31
BCAM1,2026-03,Northern Elephant Seal,26,31
BCAM1,2026-03,Northern Raccoon,1,31
BCAM1,2026-03,Striped Skunk,0,31
BCAM1,2026-03,Brush Rabbit,0,31
BCAM1,2026-03,Californian Sea Lion,0,31
BCAM1,2026-03,Domestic Cattle,0,31
BCAM1,2026-03,Elk,0,31
BCAM1,2026-03,Black-tailed Jackrabbit,0,31
BCAM1,2026-04,American Badger,0,30
BCAM1,2026-04,Bobcat,0,30
BCAM1,2026-04,Coyote,4,30
BCAM1,2026-04,Domestic Dog,0,30
BCAM1,2026-04,Human,7,30
BCAM1,2026-04,Human-Camera Trapper,2,30
BCAM1,2026-04,Mule Deer,0,30
BCAM1,2026-04,North American River Otter,0,30
BCAM1,2026-04,Northern Elephant Seal,0,30
BCAM1,2026-04,Northern Raccoon,1,30
BCAM1,2026-04,Striped Skunk,0,30
BCAM1,2026-04,Brush Rabbit,0,30
BCAM1,2026-04,Californian Sea Lion,0,30
BCAM1,2026-04,Domestic Cattle,0,30
BCAM1,2026-04,Elk,0,30
BCAM1,2026-04,Black-tailed Jackrabbit,0,30
BCAM1,2023-11,American Badger,0,4
BCAM1,2023-11,Bobcat,0,4
BCAM1,2023-11,Coyote,0,4
BCAM1,2023-11,Domestic Dog,0,4
BCAM1,2023-11,Human,0,4
BCAM1,2023-11,Human-Camera Trapper,1,4
BCAM1,2023-11,Mule Deer,0,4
BCAM1,2023-11,North American River Otter,0,4
BCAM1,2023-11,Northern Elephant Seal,0,4
BCAM1,2023-11,Northern Raccoon,0,4
BCAM1,2023-11,Striped Skunk,1,4
BCAM1,2023-11,Brush Rabbit,0,4
BCAM1,2023-11,Californian Sea Lion,0,4
BCAM1,2023-11,Domestic Cattle,0,4
BCAM1,2023-11,Elk,0,4
BCAM1,2023-11,Black-tailed Jackrabbit,0,4
BCAM1,2025-03,American Badger,0,31
BCAM1,2025-03,Bobcat,0,31
BCAM1,2025-03,Coyote,0,31
BCAM1,2025-03,Domestic Dog,0,31
BCAM1,2025-03,Human,0,31
BCAM1,2025-03,Human-Camera Trapper,1,31
BCAM1,2025-03,Mule Deer,0,31
BCAM1,2025-03,North American River Otter,0,31
BCAM1,2025-03,Northern Elephant Seal,87,31
BCAM1,2025-03,Northern Raccoon,0,31
BCAM1,2025-03,Striped Skunk,0,31
BCAM1,2025-03,Brush Rabbit,0,31
BCAM1,2025-03,Californian Sea Lion,0,31
BCAM1,2025-03,Domestic Cattle,0,31
BCAM1,2025-03,Elk,0,31
BCAM1,2025-03,Black-tailed Jackrabbit,0,31
BCAM10,2023-11,American Badger,0,26
BCAM10,2023-11,Bobcat,8,26
BCAM10,2023-11,Coyote,8,26
BCAM10,2023-11,Domestic Dog,0,26
BCAM10,2023-11,Human,1,26
BCAM10,2023-11,Human-Camera Trapper,1,26
BCAM10,2023-11,Mule Deer,2,26
BCAM10,2023-11,North American River Otter,0,26
BCAM10,2023-11,Northern Elephant Seal,0,26
BCAM10,2023-11,Northern Raccoon,35,26
BCAM10,2023-11,Striped Skunk,7,26
BCAM10,2023-11,Brush Rabbit,0,26
BCAM10,2023-11,Californian Sea Lion,0,26
BCAM10,2023-11,Domestic Cattle,0,26
BCAM10,2023-11,Elk,0,26
BCAM10,2023-11,Black-tailed Jackrabbit,0,26
BCAM10,2023-12,American Badger,0,21
BCAM10,2023-12,Bobcat,7,21
BCAM10,2023-12,Coyote,9,21
BCAM10,2023-12,Domestic Dog,0,21
BCAM10,2023-12,Human,0,21
BCAM10,2023-12,Human-Camera Trapper,1,21
BCAM10,2023-12,Mule Deer,1,21
BCAM10,2023-12,North American River Otter,0,21
BCAM10,2023-12,Northern Elephant Seal,13,21
BCAM10,2023-12,Northern Raccoon,16,21
BCAM10,2023-12,Striped Skunk,1,21
BCAM10,2023-12,Brush Rabbit,1,21
BCAM10,2023-12,Californian Sea Lion,0,21
BCAM10,2023-12,Domestic Cattle,0,21
BCAM10,2023-12,Elk,0,21
BCAM10,2023-12,Black-tailed Jackrabbit,0,21
BCAM11,2023-11,American Badger,1,30
BCAM11,2023-11,Bobcat,3,30
BCAM11,2023-11,Coyote,9,30
BCAM11,2023-11,Domestic Dog,0,30
BCAM11,2023-11,Human,0,30
BCAM11,2023-11,Human-Camera Trapper,2,30
BCAM11,2023-11,Mule Deer,13,30
BCAM11,2023-11,North American River Otter,0,30
BCAM11,2023-11,Northern Elephant Seal,0,30
BCAM11,2023-11,Northern Raccoon,4,30
BCAM11,2023-11,Striped Skunk,3,30
BCAM11,2023-11,Brush Rabbit,0,30
BCAM11,2023-11,Californian Sea Lion,0,30
BCAM11,2023-11,Domestic Cattle,0,30
BCAM11,2023-11,Elk,0,30
BCAM11,2023-11,Black-tailed Jackrabbit,0,30
BCAM11,2023-12,American Badger,1,31
BCAM11,2023-12,Bobcat,2,31
BCAM11,2023-12,Coyote,4,31
BCAM11,2023-12,Domestic Dog,0,31
BCAM11,2023-12,Human,2,31
BCAM11,2023-12,Human-Camera Trapper,2,31
BCAM11,2023-12,Mule Deer,1,31
BCAM11,2023-12,North American River Otter,0,31
BCAM11,2023-12,Northern Elephant Seal,0,31
BCAM11,2023-12,Northern Raccoon,0,31
BCAM11,2023-12,Striped Skunk,0,31
BCAM11,2023-12,Brush Rabbit,0,31
BCAM11,2023-12,Californian Sea Lion,0,31
BCAM11,2023-12,Domestic Cattle,0,31
BCAM11,2023-12,Elk,0,31
BCAM11,2023-12,Black-tailed Jackrabbit,0,31
BCAM11,2023-09,American Badger,0,26
BCAM11,2023-09,Bobcat,2,26
BCAM11,2023-09,Coyote,2,26
BCAM11,2023-09,Domestic Dog,0,26
BCAM11,2023-09,Human,1,26
BCAM11,2023-09,Human-Camera Trapper,3,26
BCAM11,2023-09,Mule Deer,18,26
BCAM11,2023-09,North American River Otter,0,26
BCAM11,2023-09,Northern Elephant Seal,0,26
BCAM11,2023-09,Northern Raccoon,1,26
BCAM11,2023-09,Striped Skunk,0,26
BCAM11,2023-09,Brush Rabbit,0,26
BCAM11,2023-09,Californian Sea Lion,0,26
BCAM11,2023-09,Domestic Cattle,0,26
BCAM11,2023-09,Elk,0,26
BCAM11,2023-09,Black-tailed Jackrabbit,0,26
BCAM11,2023-10,American Badger,0,27
BCAM11,2023-10,Bobcat,3,27
BCAM11,2023-10,Coyote,11,27
BCAM11,2023-10,Domestic Dog,0,27
BCAM11,2023-10,Human,4,27
BCAM11,2023-10,Human-Camera Trapper,1,27
BCAM11,2023-10,Mule Deer,14,27
BCAM11,2023-10,North American River Otter,0,27
BCAM11,2023-10,Northern Elephant Seal,0,27
BCAM11,2023-10,Northern Raccoon,0,27
BCAM11,2023-10,Striped Skunk,0,27
BCAM11,2023-10,Brush Rabbit,0,27
BCAM11,2023-10,Californian Sea Lion,0,27
BCAM11,2023-10,Domestic Cattle,0,27
BCAM11,2023-10,Elk,0,27
BCAM11,2023-10,Black-tailed Jackrabbit,0,27
BCAM11,2024-01,American Badger,0,31
BCAM11,2024-01,Bobcat,2,31
BCAM11,2024-01,Coyote,44,31
BCAM11,2024-01,Domestic Dog,0,31
BCAM11,2024-01,Human,1,31
BCAM11,2024-01,Human-Camera Trapper,3,31
BCAM11,2024-01,Mule Deer,0,31
BCAM11,2024-01,North American River Otter,0,31
BCAM11,2024-01,Northern Elephant Seal,0,31
BCAM11,2024-01,Northern Raccoon,0,31
BCAM11,2024-01,Striped Skunk,2,31
BCAM11,2024-01,Brush Rabbit,0,31
BCAM11,2024-01,Californian Sea Lion,0,31
BCAM11,2024-01,Domestic Cattle,0,31
BCAM11,2024-01,Elk,0,31
BCAM11,2024-01,Black-tailed Jackrabbit,0,31
BCAM11,2024-03,American Badger,0,31
BCAM11,2024-03,Bobcat,1,31
BCAM11,2024-03,Coyote,83,31
BCAM11,2024-03,Domestic Dog,0,31
BCAM11,2024-03,Human,0,31
BCAM11,2024-03,Human-Camera Trapper,2,31
BCAM11,2024-03,Mule Deer,2,31
BCAM11,2024-03,North American River Otter,0,31
BCAM11,2024-03,Northern Elephant Seal,0,31
BCAM11,2024-03,Northern Raccoon,0,31
BCAM11,2024-03,Striped Skunk,0,31
BCAM11,2024-03,Brush Rabbit,0,31
BCAM11,2024-03,Californian Sea Lion,0,31
BCAM11,2024-03,Domestic Cattle,0,31
BCAM11,2024-03,Elk,0,31
BCAM11,2024-03,Black-tailed Jackrabbit,0,31
BCAM11,2024-05,American Badger,0,31
BCAM11,2024-05,Bobcat,4,31
BCAM11,2024-05,Coyote,13,31
BCAM11,2024-05,Domestic Dog,0,31
BCAM11,2024-05,Human,0,31
BCAM11,2024-05,Human-Camera Trapper,2,31
BCAM11,2024-05,Mule Deer,5,31
BCAM11,2024-05,North American River Otter,0,31
BCAM11,2024-05,Northern Elephant Seal,0,31
BCAM11,2024-05,Northern Raccoon,0,31
BCAM11,2024-05,Striped Skunk,0,31
BCAM11,2024-05,Brush Rabbit,0,31
BCAM11,2024-05,Californian Sea Lion,0,31
BCAM11,2024-05,Domestic Cattle,0,31
BCAM11,2024-05,Elk,0,31
BCAM11,2024-05,Black-tailed Jackrabbit,0,31
BCAM11,2024-06,American Badger,0,30
BCAM11,2024-06,Bobcat,3,30
BCAM11,2024-06,Coyote,4,30
BCAM11,2024-06,Domestic Dog,0,30
BCAM11,2024-06,Human,0,30
BCAM11,2024-06,Human-Camera Trapper,4,30
BCAM11,2024-06,Mule Deer,5,30
BCAM11,2024-06,North American River Otter,0,30
BCAM11,2024-06,Northern Elephant Seal,0,30
BCAM11,2024-06,Northern Raccoon,0,30
BCAM11,2024-06,Striped Skunk,0,30
BCAM11,2024-06,Brush Rabbit,0,30
BCAM11,2024-06,Californian Sea Lion,0,30
BCAM11,2024-06,Domestic Cattle,0,30
BCAM11,2024-06,Elk,0,30
BCAM11,2024-06,Black-tailed Jackrabbit,0,30
BCAM11,2024-08,American Badger,0,31
BCAM11,2024-08,Bobcat,8,31
BCAM11,2024-08,Coyote,2,31
BCAM11,2024-08,Domestic Dog,0,31
BCAM11,2024-08,Human,2,31
BCAM11,2024-08,Human-Camera Trapper,2,31
BCAM11,2024-08,Mule Deer,8,31
BCAM11,2024-08,North American River Otter,0,31
BCAM11,2024-08,Northern Elephant Seal,0,31
BCAM11,2024-08,Northern Raccoon,1,31
BCAM11,2024-08,Striped Skunk,1,31
BCAM11,2024-08,Brush Rabbit,0,31
BCAM11,2024-08,Californian Sea Lion,0,31
BCAM11,2024-08,Domestic Cattle,0,31
BCAM11,2024-08,Elk,0,31
BCAM11,2024-08,Black-tailed Jackrabbit,0,31
BCAM11,2024-10,American Badger,0,31
BCAM11,2024-10,Bobcat,1,31
BCAM11,2024-10,Coyote,3,31
BCAM11,2024-10,Domestic Dog,0,31
BCAM11,2024-10,Human,0,31
BCAM11,2024-10,Human-Camera Trapper,2,31
BCAM11,2024-10,Mule Deer,19,31
BCAM11,2024-10,North American River Otter,0,31
BCAM11,2024-10,Northern Elephant Seal,0,31
BCAM11,2024-10,Northern Raccoon,3,31
BCAM11,2024-10,Striped Skunk,0,31
BCAM11,2024-10,Brush Rabbit,0,31
BCAM11,2024-10,Californian Sea Lion,0,31
BCAM11,2024-10,Domestic Cattle,0,31
BCAM11,2024-10,Elk,0,31
BCAM11,2024-10,Black-tailed Jackrabbit,0,31
BCAM11,2024-11,American Badger,0,30
BCAM11,2024-11,Bobcat,2,30
BCAM11,2024-11,Coyote,12,30
BCAM11,2024-11,Domestic Dog,0,30
BCAM11,2024-11,Human,1,30
BCAM11,2024-11,Human-Camera Trapper,2,30
BCAM11,2024-11,Mule Deer,8,30
BCAM11,2024-11,North American River Otter,0,30
BCAM11,2024-11,Northern Elephant Seal,0,30
BCAM11,2024-11,Northern Raccoon,4,30
BCAM11,2024-11,Striped Skunk,5,30
BCAM11,2024-11,Brush Rabbit,0,30
BCAM11,2024-11,Californian Sea Lion,0,30
BCAM11,2024-11,Domestic Cattle,0,30
BCAM11,2024-11,Elk,0,30
BCAM11,2024-11,Black-tailed Jackrabbit,0,30
BCAM11,2025-04,American Badger,0,30
BCAM11,2025-04,Bobcat,3,30
BCAM11,2025-04,Coyote,4,30
BCAM11,2025-04,Domestic Dog,0,30
BCAM11,2025-04,Human,0,30
BCAM11,2025-04,Human-Camera Trapper,2,30
BCAM11,2025-04,Mule Deer,5,30
BCAM11,2025-04,North American River Otter,0,30
BCAM11,2025-04,Northern Elephant Seal,0,30
BCAM11,2025-04,Northern Raccoon,0,30
BCAM11,2025-04,Striped Skunk,0,30
BCAM11,2025-04,Brush Rabbit,0,30
BCAM11,2025-04,Californian Sea Lion,0,30
BCAM11,2025-04,Domestic Cattle,0,30
BCAM11,2025-04,Elk,0,30
BCAM11,2025-04,Black-tailed Jackrabbit,0,30
BCAM11,2025-05,American Badger,0,31
BCAM11,2025-05,Bobcat,6,31
BCAM11,2025-05,Coyote,11,31
BCAM11,2025-05,Domestic Dog,0,31
BCAM11,2025-05,Human,0,31
BCAM11,2025-05,Human-Camera Trapper,0,31
BCAM11,2025-05,Mule Deer,5,31
BCAM11,2025-05,North American River Otter,0,31
BCAM11,2025-05,Northern Elephant Seal,0,31
BCAM11,2025-05,Northern Raccoon,0,31
BCAM11,2025-05,Striped Skunk,0,31
BCAM11,2025-05,Brush Rabbit,0,31
BCAM11,2025-05,Californian Sea Lion,0,31
BCAM11,2025-05,Domestic Cattle,0,31
BCAM11,2025-05,Elk,0,31
BCAM11,2025-05,Black-tailed Jackrabbit,0,31
BCAM11,2025-06,American Badger,0,30
BCAM11,2025-06,Bobcat,4,30
BCAM11,2025-06,Coyote,5,30
BCAM11,2025-06,Domestic Dog,0,30
BCAM11,2025-06,Human,0,30
BCAM11,2025-06,Human-Camera Trapper,4,30
BCAM11,2025-06,Mule Deer,4,30
BCAM11,2025-06,North American River Otter,0,30
BCAM11,2025-06,Northern Elephant Seal,0,30
BCAM11,2025-06,Northern Raccoon,1,30
BCAM11,2025-06,Striped Skunk,0,30
BCAM11,2025-06,Brush Rabbit,0,30
BCAM11,2025-06,Californian Sea Lion,0,30
BCAM11,2025-06,Domestic Cattle,0,30
BCAM11,2025-06,Elk,0,30
BCAM11,2025-06,Black-tailed Jackrabbit,0,30
BCAM11,2025-07,American Badger,0,31
BCAM11,2025-07,Bobcat,1,31
BCAM11,2025-07,Coyote,3,31
BCAM11,2025-07,Domestic Dog,0,31
BCAM11,2025-07,Human,0,31
BCAM11,2025-07,Human-Camera Trapper,0,31
BCAM11,2025-07,Mule Deer,9,31
BCAM11,2025-07,North American River Otter,0,31
BCAM11,2025-07,Northern Elephant Seal,0,31
BCAM11,2025-07,Northern Raccoon,2,31
BCAM11,2025-07,Striped Skunk,0,31
BCAM11,2025-07,Brush Rabbit,2,31
BCAM11,2025-07,Californian Sea Lion,0,31
BCAM11,2025-07,Domestic Cattle,0,31
BCAM11,2025-07,Elk,0,31
BCAM11,2025-07,Black-tailed Jackrabbit,0,31
BCAM11,2025-09,American Badger,0,30
BCAM11,2025-09,Bobcat,3,30
BCAM11,2025-09,Coyote,8,30
BCAM11,2025-09,Domestic Dog,0,30
BCAM11,2025-09,Human,2,30
BCAM11,2025-09,Human-Camera Trapper,2,30
BCAM11,2025-09,Mule Deer,16,30
BCAM11,2025-09,North American River Otter,0,30
BCAM11,2025-09,Northern Elephant Seal,0,30
BCAM11,2025-09,Northern Raccoon,1,30
BCAM11,2025-09,Striped Skunk,0,30
BCAM11,2025-09,Brush Rabbit,0,30
BCAM11,2025-09,Californian Sea Lion,0,30
BCAM11,2025-09,Domestic Cattle,0,30
BCAM11,2025-09,Elk,0,30
BCAM11,2025-09,Black-tailed Jackrabbit,0,30
BCAM11,2025-10,American Badger,0,31
BCAM11,2025-10,Bobcat,4,31
BCAM11,2025-10,Coyote,30,31
BCAM11,2025-10,Domestic Dog,0,31
BCAM11,2025-10,Human,3,31
BCAM11,2025-10,Human-Camera Trapper,1,31
BCAM11,2025-10,Mule Deer,10,31
BCAM11,2025-10,North American River Otter,0,31
BCAM11,2025-10,Northern Elephant Seal,0,31
BCAM11,2025-10,Northern Raccoon,3,31
BCAM11,2025-10,Striped Skunk,1,31
BCAM11,2025-10,Brush Rabbit,0,31
BCAM11,2025-10,Californian Sea Lion,0,31
BCAM11,2025-10,Domestic Cattle,0,31
BCAM11,2025-10,Elk,0,31
BCAM11,2025-10,Black-tailed Jackrabbit,0,31
BCAM11,2025-11,American Badger,0,30
BCAM11,2025-11,Bobcat,3,30
BCAM11,2025-11,Coyote,25,30
BCAM11,2025-11,Domestic Dog,0,30
BCAM11,2025-11,Human,0,30
BCAM11,2025-11,Human-Camera Trapper,0,30
BCAM11,2025-11,Mule Deer,1,30
BCAM11,2025-11,North American River Otter,0,30
BCAM11,2025-11,Northern Elephant Seal,0,30
BCAM11,2025-11,Northern Raccoon,0,30
BCAM11,2025-11,Striped Skunk,0,30
BCAM11,2025-11,Brush Rabbit,0,30
BCAM11,2025-11,Californian Sea Lion,0,30
BCAM11,2025-11,Domestic Cattle,0,30
BCAM11,2025-11,Elk,0,30
BCAM11,2025-11,Black-tailed Jackrabbit,0,30
BCAM11,2026-04,American Badger,0,30
BCAM11,2026-04,Bobcat,1,30
BCAM11,2026-04,Coyote,4,30
BCAM11,2026-04,Domestic Dog,0,30
BCAM11,2026-04,Human,0,30
BCAM11,2026-04,Human-Camera Trapper,2,30
BCAM11,2026-04,Mule Deer,8,30
BCAM11,2026-04,North American River Otter,0,30
BCAM11,2026-04,Northern Elephant Seal,0,30
BCAM11,2026-04,Northern Raccoon,0,30
BCAM11,2026-04,Striped Skunk,0,30
BCAM11,2026-04,Brush Rabbit,0,30
BCAM11,2026-04,Californian Sea Lion,0,30
BCAM11,2026-04,Domestic Cattle,0,30
BCAM11,2026-04,Elk,0,30
BCAM11,2026-04,Black-tailed Jackrabbit,0,30
BCAM11,2024-02,American Badger,0,29
BCAM11,2024-02,Bobcat,0,29
BCAM11,2024-02,Coyote,11,29
BCAM11,2024-02,Domestic Dog,0,29
BCAM11,2024-02,Human,0,29
BCAM11,2024-02,Human-Camera Trapper,2,29
BCAM11,2024-02,Mule Deer,0,29
BCAM11,2024-02,North American River Otter,0,29
BCAM11,2024-02,Northern Elephant Seal,7,29
BCAM11,2024-02,Northern Raccoon,0,29
BCAM11,2024-02,Striped Skunk,0,29
BCAM11,2024-02,Brush Rabbit,0,29
BCAM11,2024-02,Californian Sea Lion,0,29
BCAM11,2024-02,Domestic Cattle,0,29
BCAM11,2024-02,Elk,0,29
BCAM11,2024-02,Black-tailed Jackrabbit,0,29
BCAM11,2024-04,American Badger,0,30
BCAM11,2024-04,Bobcat,0,30
BCAM11,2024-04,Coyote,19,30
BCAM11,2024-04,Domestic Dog,0,30
BCAM11,2024-04,Human,0,30
BCAM11,2024-04,Human-Camera Trapper,2,30
BCAM11,2024-04,Mule Deer,7,30
BCAM11,2024-04,North American River Otter,0,30
BCAM11,2024-04,Northern Elephant Seal,0,30
BCAM11,2024-04,Northern Raccoon,0,30
BCAM11,2024-04,Striped Skunk,0,30
BCAM11,2024-04,Brush Rabbit,0,30
BCAM11,2024-04,Californian Sea Lion,0,30
BCAM11,2024-04,Domestic Cattle,0,30
BCAM11,2024-04,Elk,0,30
BCAM11,2024-04,Black-tailed Jackrabbit,0,30
BCAM11,2024-07,American Badger,0,31
BCAM11,2024-07,Bobcat,0,31
BCAM11,2024-07,Coyote,3,31
BCAM11,2024-07,Domestic Dog,0,31
BCAM11,2024-07,Human,1,31
BCAM11,2024-07,Human-Camera Trapper,0,31
BCAM11,2024-07,Mule Deer,6,31
BCAM11,2024-07,North American River Otter,0,31
BCAM11,2024-07,Northern Elephant Seal,0,31
BCAM11,2024-07,Northern Raccoon,0,31
BCAM11,2024-07,Striped Skunk,0,31
BCAM11,2024-07,Brush Rabbit,0,31
BCAM11,2024-07,Californian Sea Lion,0,31
BCAM11,2024-07,Domestic Cattle,0,31
BCAM11,2024-07,Elk,0,31
BCAM11,2024-07,Black-tailed Jackrabbit,0,31
BCAM11,2024-09,American Badger,0,30
BCAM11,2024-09,Bobcat,0,30
BCAM11,2024-09,Coyote,3,30
BCAM11,2024-09,Domestic Dog,0,30
BCAM11,2024-09,Human,0,30
BCAM11,2024-09,Human-Camera Trapper,2,30
BCAM11,2024-09,Mule Deer,8,30
BCAM11,2024-09,North American River Otter,0,30
BCAM11,2024-09,Northern Elephant Seal,0,30
BCAM11,2024-09,Northern Raccoon,1,30
BCAM11,2024-09,Striped Skunk,4,30
BCAM11,2024-09,Brush Rabbit,0,30
BCAM11,2024-09,Californian Sea Lion,0,30
BCAM11,2024-09,Domestic Cattle,0,30
BCAM11,2024-09,Elk,0,30
BCAM11,2024-09,Black-tailed Jackrabbit,0,30
BCAM11,2024-12,American Badger,0,31
BCAM11,2024-12,Bobcat,0,31
BCAM11,2024-12,Coyote,15,31
BCAM11,2024-12,Domestic Dog,0,31
BCAM11,2024-12,Human,1,31
BCAM11,2024-12,Human-Camera Trapper,3,31
BCAM11,2024-12,Mule Deer,2,31
BCAM11,2024-12,North American River Otter,0,31
BCAM11,2024-12,Northern Elephant Seal,0,31
BCAM11,2024-12,Northern Raccoon,1,31
BCAM11,2024-12,Striped Skunk,0,31
BCAM11,2024-12,Brush Rabbit,0,31
BCAM11,2024-12,Californian Sea Lion,0,31
BCAM11,2024-12,Domestic Cattle,0,31
BCAM11,2024-12,Elk,0,31
BCAM11,2024-12,Black-tailed Jackrabbit,0,31
BCAM11,2025-01,American Badger,0,31
BCAM11,2025-01,Bobcat,0,31
BCAM11,2025-01,Coyote,93,31
BCAM11,2025-01,Domestic Dog,0,31
BCAM11,2025-01,Human,0,31
BCAM11,2025-01,Human-Camera Trapper,2,31
BCAM11,2025-01,Mule Deer,0,31
BCAM11,2025-01,North American River Otter,0,31
BCAM11,2025-01,Northern Elephant Seal,0,31
BCAM11,2025-01,Northern Raccoon,0,31
BCAM11,2025-01,Striped Skunk,0,31
BCAM11,2025-01,Brush Rabbit,0,31
BCAM11,2025-01,Californian Sea Lion,0,31
BCAM11,2025-01,Domestic Cattle,0,31
BCAM11,2025-01,Elk,0,31
BCAM11,2025-01,Black-tailed Jackrabbit,0,31
BCAM11,2025-02,American Badger,0,28
BCAM11,2025-02,Bobcat,0,28
BCAM11,2025-02,Coyote,13,28
BCAM11,2025-02,Domestic Dog,0,28
BCAM11,2025-02,Human,0,28
BCAM11,2025-02,Human-Camera Trapper,4,28
BCAM11,2025-02,Mule Deer,0,28
BCAM11,2025-02,North American River Otter,0,28
BCAM11,2025-02,Northern Elephant Seal,5,28
BCAM11,2025-02,Northern Raccoon,0,28
BCAM11,2025-02,Striped Skunk,0,28
BCAM11,2025-02,Brush Rabbit,0,28
BCAM11,2025-02,Californian Sea Lion,0,28
BCAM11,2025-02,Domestic Cattle,0,28
BCAM11,2025-02,Elk,0,28
BCAM11,2025-02,Black-tailed Jackrabbit,0,28
BCAM11,2025-03,American Badger,0,31
BCAM11,2025-03,Bobcat,0,31
BCAM11,2025-03,Coyote,6,31
BCAM11,2025-03,Domestic Dog,0,31
BCAM11,2025-03,Human,1,31
BCAM11,2025-03,Human-Camera Trapper,2,31
BCAM11,2025-03,Mule Deer,0,31
BCAM11,2025-03,North American River Otter,0,31
BCAM11,2025-03,Northern Elephant Seal,3,31
BCAM11,2025-03,Northern Raccoon,0,31
BCAM11,2025-03,Striped Skunk,0,31
BCAM11,2025-03,Brush Rabbit,0,31
BCAM11,2025-03,Californian Sea Lion,0,31
BCAM11,2025-03,Domestic Cattle,0,31
BCAM11,2025-03,Elk,0,31
BCAM11,2025-03,Black-tailed Jackrabbit,0,31
BCAM11,2025-08,American Badger,0,31
BCAM11,2025-08,Bobcat,0,31
BCAM11,2025-08,Coyote,19,31
BCAM11,2025-08,Domestic Dog,0,31
BCAM11,2025-08,Human,3,31
BCAM11,2025-08,Human-Camera Trapper,2,31
BCAM11,2025-08,Mule Deer,8,31
BCAM11,2025-08,North American River Otter,0,31
BCAM11,2025-08,Northern Elephant Seal,0,31
BCAM11,2025-08,Northern Raccoon,1,31
BCAM11,2025-08,Striped Skunk,0,31
BCAM11,2025-08,Brush Rabbit,0,31
BCAM11,2025-08,Californian Sea Lion,0,31
BCAM11,2025-08,Domestic Cattle,0,31
BCAM11,2025-08,Elk,0,31
BCAM11,2025-08,Black-tailed Jackrabbit,0,31
BCAM11,2025-12,American Badger,0,31
BCAM11,2025-12,Bobcat,0,31
BCAM11,2025-12,Coyote,22,31
BCAM11,2025-12,Domestic Dog,0,31
BCAM11,2025-12,Human,0,31
BCAM11,2025-12,Human-Camera Trapper,2,31
BCAM11,2025-12,Mule Deer,2,31
BCAM11,2025-12,North American River Otter,0,31
BCAM11,2025-12,Northern Elephant Seal,1,31
BCAM11,2025-12,Northern Raccoon,4,31
BCAM11,2025-12,Striped Skunk,0,31
BCAM11,2025-12,Brush Rabbit,0,31
BCAM11,2025-12,Californian Sea Lion,0,31
BCAM11,2025-12,Domestic Cattle,0,31
BCAM11,2025-12,Elk,0,31
BCAM11,2025-12,Black-tailed Jackrabbit,0,31
BCAM11,2026-01,American Badger,0,31
BCAM11,2026-01,Bobcat,0,31
BCAM11,2026-01,Coyote,142,31
BCAM11,2026-01,Domestic Dog,0,31
BCAM11,2026-01,Human,1,31
BCAM11,2026-01,Human-Camera Trapper,1,31
BCAM11,2026-01,Mule Deer,1,31
BCAM11,2026-01,North American River Otter,0,31
BCAM11,2026-01,Northern Elephant Seal,0,31
BCAM11,2026-01,Northern Raccoon,0,31
BCAM11,2026-01,Striped Skunk,0,31
BCAM11,2026-01,Brush Rabbit,0,31
BCAM11,2026-01,Californian Sea Lion,0,31
BCAM11,2026-01,Domestic Cattle,0,31
BCAM11,2026-01,Elk,0,31
BCAM11,2026-01,Black-tailed Jackrabbit,0,31
BCAM11,2026-02,American Badger,0,28
BCAM11,2026-02,Bobcat,0,28
BCAM11,2026-02,Coyote,97,28
BCAM11,2026-02,Domestic Dog,0,28
BCAM11,2026-02,Human,0,28
BCAM11,2026-02,Human-Camera Trapper,2,28
BCAM11,2026-02,Mule Deer,1,28
BCAM11,2026-02,North American River Otter,0,28
BCAM11,2026-02,Northern Elephant Seal,5,28
BCAM11,2026-02,Northern Raccoon,0,28
BCAM11,2026-02,Striped Skunk,0,28
BCAM11,2026-02,Brush Rabbit,0,28
BCAM11,2026-02,Californian Sea Lion,0,28
BCAM11,2026-02,Domestic Cattle,0,28
BCAM11,2026-02,Elk,0,28
BCAM11,2026-02,Black-tailed Jackrabbit,0,28
BCAM11,2026-03,American Badger,0,31
BCAM11,2026-03,Bobcat,0,31
BCAM11,2026-03,Coyote,27,31
BCAM11,2026-03,Domestic Dog,0,31
BCAM11,2026-03,Human,0,31
BCAM11,2026-03,Human-Camera Trapper,0,31
BCAM11,2026-03,Mule Deer,1,31
BCAM11,2026-03,North American River Otter,0,31
BCAM11,2026-03,Northern Elephant Seal,2,31
BCAM11,2026-03,Northern Raccoon,0,31
BCAM11,2026-03,Striped Skunk,0,31
BCAM11,2026-03,Brush Rabbit,0,31
BCAM11,2026-03,Californian Sea Lion,0,31
BCAM11,2026-03,Domestic Cattle,0,31
BCAM11,2026-03,Elk,0,31
BCAM11,2026-03,Black-tailed Jackrabbit,0,31
BCAM11,2026-05,American Badger,0,30
BCAM11,2026-05,Bobcat,0,30
BCAM11,2026-05,Coyote,15,30
BCAM11,2026-05,Domestic Dog,0,30
BCAM11,2026-05,Human,0,30
BCAM11,2026-05,Human-Camera Trapper,1,30
BCAM11,2026-05,Mule Deer,2,30
BCAM11,2026-05,North American River Otter,0,30
BCAM11,2026-05,Northern Elephant Seal,0,30
BCAM11,2026-05,Northern Raccoon,5,30
BCAM11,2026-05,Striped Skunk,0,30
BCAM11,2026-05,Brush Rabbit,0,30
BCAM11,2026-05,Californian Sea Lion,0,30
BCAM11,2026-05,Domestic Cattle,0,30
BCAM11,2026-05,Elk,0,30
BCAM11,2026-05,Black-tailed Jackrabbit,0,30
BCAM12,2024-03,American Badger,0,23
BCAM12,2024-03,Bobcat,1,23
BCAM12,2024-03,Coyote,0,23
BCAM12,2024-03,Domestic Dog,0,23
BCAM12,2024-03,Human,0,23
BCAM12,2024-03,Human-Camera Trapper,1,23
BCAM12,2024-03,Mule Deer,0,23
BCAM12,2024-03,North American River Otter,0,23
BCAM12,2024-03,Northern Elephant Seal,0,23
BCAM12,2024-03,Northern Raccoon,0,23
BCAM12,2024-03,Striped Skunk,0,23
BCAM12,2024-03,Brush Rabbit,0,23
BCAM12,2024-03,Californian Sea Lion,0,23
BCAM12,2024-03,Domestic Cattle,0,23
BCAM12,2024-03,Elk,0,23
BCAM12,2024-03,Black-tailed Jackrabbit,0,23
BCAM12,2024-04,American Badger,0,30
BCAM12,2024-04,Bobcat,0,30
BCAM12,2024-04,Coyote,0,30
BCAM12,2024-04,Domestic Dog,0,30
BCAM12,2024-04,Human,1,30
BCAM12,2024-04,Human-Camera Trapper,2,30
BCAM12,2024-04,Mule Deer,0,30
BCAM12,2024-04,North American River Otter,0,30
BCAM12,2024-04,Northern Elephant Seal,0,30
BCAM12,2024-04,Northern Raccoon,0,30
BCAM12,2024-04,Striped Skunk,0,30
BCAM12,2024-04,Brush Rabbit,0,30
BCAM12,2024-04,Californian Sea Lion,0,30
BCAM12,2024-04,Domestic Cattle,0,30
BCAM12,2024-04,Elk,0,30
BCAM12,2024-04,Black-tailed Jackrabbit,0,30
BCAM12,2024-01,American Badger,0,19
BCAM12,2024-01,Bobcat,0,19
BCAM12,2024-01,Coyote,0,19
BCAM12,2024-01,Domestic Dog,0,19
BCAM12,2024-01,Human,0,19
BCAM12,2024-01,Human-Camera Trapper,2,19
BCAM12,2024-01,Mule Deer,0,19
BCAM12,2024-01,North American River Otter,0,19
BCAM12,2024-01,Northern Elephant Seal,0,19
BCAM12,2024-01,Northern Raccoon,0,19
BCAM12,2024-01,Striped Skunk,0,19
BCAM12,2024-01,Brush Rabbit,0,19
BCAM12,2024-01,Californian Sea Lion,0,19
BCAM12,2024-01,Domestic Cattle,0,19
BCAM12,2024-01,Elk,0,19
BCAM12,2024-01,Black-tailed Jackrabbit,0,19
BCAM12,2024-02,American Badger,0,10
BCAM12,2024-02,Bobcat,0,10
BCAM12,2024-02,Coyote,0,10
BCAM12,2024-02,Domestic Dog,0,10
BCAM12,2024-02,Human,0,10
BCAM12,2024-02,Human-Camera Trapper,1,10
BCAM12,2024-02,Mule Deer,0,10
BCAM12,2024-02,North American River Otter,0,10
BCAM12,2024-02,Northern Elephant Seal,0,10
BCAM12,2024-02,Northern Raccoon,0,10
BCAM12,2024-02,Striped Skunk,0,10
BCAM12,2024-02,Brush Rabbit,0,10
BCAM12,2024-02,Californian Sea Lion,0,10
BCAM12,2024-02,Domestic Cattle,0,10
BCAM12,2024-02,Elk,0,10
BCAM12,2024-02,Black-tailed Jackrabbit,0,10
BCAM13,2023-09,American Badger,0,25
BCAM13,2023-09,Bobcat,2,25
BCAM13,2023-09,Coyote,7,25
BCAM13,2023-09,Domestic Dog,0,25
BCAM13,2023-09,Human,2,25
BCAM13,2023-09,Human-Camera Trapper,3,25
BCAM13,2023-09,Mule Deer,9,25
BCAM13,2023-09,North American River Otter,0,25
BCAM13,2023-09,Northern Elephant Seal,0,25
BCAM13,2023-09,Northern Raccoon,9,25
BCAM13,2023-09,Striped Skunk,3,25
BCAM13,2023-09,Brush Rabbit,0,25
BCAM13,2023-09,Californian Sea Lion,0,25
BCAM13,2023-09,Domestic Cattle,0,25
BCAM13,2023-09,Elk,0,25
BCAM13,2023-09,Black-tailed Jackrabbit,0,25
BCAM13,2023-10,American Badger,0,31
BCAM13,2023-10,Bobcat,10,31
BCAM13,2023-10,Coyote,14,31
BCAM13,2023-10,Domestic Dog,0,31
BCAM13,2023-10,Human,0,31
BCAM13,2023-10,Human-Camera Trapper,1,31
BCAM13,2023-10,Mule Deer,4,31
BCAM13,2023-10,North American River Otter,0,31
BCAM13,2023-10,Northern Elephant Seal,0,31
BCAM13,2023-10,Northern Raccoon,11,31
BCAM13,2023-10,Striped Skunk,17,31
BCAM13,2023-10,Brush Rabbit,0,31
BCAM13,2023-10,Californian Sea Lion,1,31
BCAM13,2023-10,Domestic Cattle,0,31
BCAM13,2023-10,Elk,0,31
BCAM13,2023-10,Black-tailed Jackrabbit,0,31
BCAM13,2023-11,American Badger,0,5
BCAM13,2023-11,Bobcat,1,5
BCAM13,2023-11,Coyote,0,5
BCAM13,2023-11,Domestic Dog,0,5
BCAM13,2023-11,Human,0,5
BCAM13,2023-11,Human-Camera Trapper,1,5
BCAM13,2023-11,Mule Deer,0,5
BCAM13,2023-11,North American River Otter,0,5
BCAM13,2023-11,Northern Elephant Seal,0,5
BCAM13,2023-11,Northern Raccoon,3,5
BCAM13,2023-11,Striped Skunk,2,5
BCAM13,2023-11,Brush Rabbit,0,5
BCAM13,2023-11,Californian Sea Lion,0,5
BCAM13,2023-11,Domestic Cattle,0,5
BCAM13,2023-11,Elk,0,5
BCAM13,2023-11,Black-tailed Jackrabbit,0,5
BCAM13,2024-05,American Badger,0,29
BCAM13,2024-05,Bobcat,2,29
BCAM13,2024-05,Coyote,5,29
BCAM13,2024-05,Domestic Dog,0,29
BCAM13,2024-05,Human,1,29
BCAM13,2024-05,Human-Camera Trapper,1,29
BCAM13,2024-05,Mule Deer,2,29
BCAM13,2024-05,North American River Otter,0,29
BCAM13,2024-05,Northern Elephant Seal,1,29
BCAM13,2024-05,Northern Raccoon,3,29
BCAM13,2024-05,Striped Skunk,0,29
BCAM13,2024-05,Brush Rabbit,0,29
BCAM13,2024-05,Californian Sea Lion,0,29
BCAM13,2024-05,Domestic Cattle,16,29
BCAM13,2024-05,Elk,0,29
BCAM13,2024-05,Black-tailed Jackrabbit,0,29
BCAM13,2024-11,American Badger,0,30
BCAM13,2024-11,Bobcat,2,30
BCAM13,2024-11,Coyote,10,30
BCAM13,2024-11,Domestic Dog,0,30
BCAM13,2024-11,Human,1,30
BCAM13,2024-11,Human-Camera Trapper,2,30
BCAM13,2024-11,Mule Deer,2,30
BCAM13,2024-11,North American River Otter,0,30
BCAM13,2024-11,Northern Elephant Seal,1,30
BCAM13,2024-11,Northern Raccoon,0,30
BCAM13,2024-11,Striped Skunk,0,30
BCAM13,2024-11,Brush Rabbit,0,30
BCAM13,2024-11,Californian Sea Lion,0,30
BCAM13,2024-11,Domestic Cattle,0,30
BCAM13,2024-11,Elk,0,30
BCAM13,2024-11,Black-tailed Jackrabbit,0,30
BCAM13,2025-06,American Badger,0,27
BCAM13,2025-06,Bobcat,3,27
BCAM13,2025-06,Coyote,3,27
BCAM13,2025-06,Domestic Dog,1,27
BCAM13,2025-06,Human,2,27
BCAM13,2025-06,Human-Camera Trapper,2,27
BCAM13,2025-06,Mule Deer,3,27
BCAM13,2025-06,North American River Otter,0,27
BCAM13,2025-06,Northern Elephant Seal,0,27
BCAM13,2025-06,Northern Raccoon,1,27
BCAM13,2025-06,Striped Skunk,0,27
BCAM13,2025-06,Brush Rabbit,0,27
BCAM13,2025-06,Californian Sea Lion,0,27
BCAM13,2025-06,Domestic Cattle,0,27
BCAM13,2025-06,Elk,0,27
BCAM13,2025-06,Black-tailed Jackrabbit,0,27
BCAM13,2025-08,American Badger,0,28
BCAM13,2025-08,Bobcat,1,28
BCAM13,2025-08,Coyote,12,28
BCAM13,2025-08,Domestic Dog,0,28
BCAM13,2025-08,Human,0,28
BCAM13,2025-08,Human-Camera Trapper,1,28
BCAM13,2025-08,Mule Deer,1,28
BCAM13,2025-08,North American River Otter,0,28
BCAM13,2025-08,Northern Elephant Seal,8,28
BCAM13,2025-08,Northern Raccoon,0,28
BCAM13,2025-08,Striped Skunk,0,28
BCAM13,2025-08,Brush Rabbit,0,28
BCAM13,2025-08,Californian Sea Lion,0,28
BCAM13,2025-08,Domestic Cattle,0,28
BCAM13,2025-08,Elk,0,28
BCAM13,2025-08,Black-tailed Jackrabbit,0,28
BCAM13,2025-09,American Badger,0,30
BCAM13,2025-09,Bobcat,2,30
BCAM13,2025-09,Coyote,22,30
BCAM13,2025-09,Domestic Dog,0,30
BCAM13,2025-09,Human,0,30
BCAM13,2025-09,Human-Camera Trapper,2,30
BCAM13,2025-09,Mule Deer,1,30
BCAM13,2025-09,North American River Otter,0,30
BCAM13,2025-09,Northern Elephant Seal,0,30
BCAM13,2025-09,Northern Raccoon,0,30
BCAM13,2025-09,Striped Skunk,0,30
BCAM13,2025-09,Brush Rabbit,0,30
BCAM13,2025-09,Californian Sea Lion,0,30
BCAM13,2025-09,Domestic Cattle,0,30
BCAM13,2025-09,Elk,0,30
BCAM13,2025-09,Black-tailed Jackrabbit,0,30
BCAM13,2025-10,American Badger,0,31
BCAM13,2025-10,Bobcat,1,31
BCAM13,2025-10,Coyote,18,31
BCAM13,2025-10,Domestic Dog,0,31
BCAM13,2025-10,Human,0,31
BCAM13,2025-10,Human-Camera Trapper,2,31
BCAM13,2025-10,Mule Deer,0,31
BCAM13,2025-10,North American River Otter,0,31
BCAM13,2025-10,Northern Elephant Seal,0,31
BCAM13,2025-10,Northern Raccoon,8,31
BCAM13,2025-10,Striped Skunk,5,31
BCAM13,2025-10,Brush Rabbit,0,31
BCAM13,2025-10,Californian Sea Lion,0,31
BCAM13,2025-10,Domestic Cattle,0,31
BCAM13,2025-10,Elk,0,31
BCAM13,2025-10,Black-tailed Jackrabbit,0,31
BCAM13,2025-11,American Badger,0,30
BCAM13,2025-11,Bobcat,6,30
BCAM13,2025-11,Coyote,13,30
BCAM13,2025-11,Domestic Dog,0,30
BCAM13,2025-11,Human,0,30
BCAM13,2025-11,Human-Camera Trapper,0,30
BCAM13,2025-11,Mule Deer,1,30
BCAM13,2025-11,North American River Otter,1,30
BCAM13,2025-11,Northern Elephant Seal,0,30
BCAM13,2025-11,Northern Raccoon,15,30
BCAM13,2025-11,Striped Skunk,2,30
BCAM13,2025-11,Brush Rabbit,0,30
BCAM13,2025-11,Californian Sea Lion,0,30
BCAM13,2025-11,Domestic Cattle,0,30
BCAM13,2025-11,Elk,0,30
BCAM13,2025-11,Black-tailed Jackrabbit,0,30
BCAM13,2025-12,American Badger,0,31
BCAM13,2025-12,Bobcat,5,31
BCAM13,2025-12,Coyote,35,31
BCAM13,2025-12,Domestic Dog,0,31
BCAM13,2025-12,Human,1,31
BCAM13,2025-12,Human-Camera Trapper,2,31
BCAM13,2025-12,Mule Deer,0,31
BCAM13,2025-12,North American River Otter,0,31
BCAM13,2025-12,Northern Elephant Seal,9,31
BCAM13,2025-12,Northern Raccoon,12,31
BCAM13,2025-12,Striped Skunk,1,31
BCAM13,2025-12,Brush Rabbit,0,31
BCAM13,2025-12,Californian Sea Lion,0,31
BCAM13,2025-12,Domestic Cattle,0,31
BCAM13,2025-12,Elk,0,31
BCAM13,2025-12,Black-tailed Jackrabbit,0,31
BCAM13,2026-04,American Badger,0,12
BCAM13,2026-04,Bobcat,1,12
BCAM13,2026-04,Coyote,6,12
BCAM13,2026-04,Domestic Dog,0,12
BCAM13,2026-04,Human,0,12
BCAM13,2026-04,Human-Camera Trapper,1,12
BCAM13,2026-04,Mule Deer,1,12
BCAM13,2026-04,North American River Otter,0,12
BCAM13,2026-04,Northern Elephant Seal,20,12
BCAM13,2026-04,Northern Raccoon,15,12
BCAM13,2026-04,Striped Skunk,0,12
BCAM13,2026-04,Brush Rabbit,0,12
BCAM13,2026-04,Californian Sea Lion,0,12
BCAM13,2026-04,Domestic Cattle,0,12
BCAM13,2026-04,Elk,0,12
BCAM13,2026-04,Black-tailed Jackrabbit,0,12
BCAM13,2023-12,American Badger,0,11
BCAM13,2023-12,Bobcat,0,11
BCAM13,2023-12,Coyote,2,11
BCAM13,2023-12,Domestic Dog,0,11
BCAM13,2023-12,Human,0,11
BCAM13,2023-12,Human-Camera Trapper,1,11
BCAM13,2023-12,Mule Deer,0,11
BCAM13,2023-12,North American River Otter,0,11
BCAM13,2023-12,Northern Elephant Seal,12,11
BCAM13,2023-12,Northern Raccoon,0,11
BCAM13,2023-12,Striped Skunk,0,11
BCAM13,2023-12,Brush Rabbit,0,11
BCAM13,2023-12,Californian Sea Lion,0,11
BCAM13,2023-12,Domestic Cattle,0,11
BCAM13,2023-12,Elk,0,11
BCAM13,2023-12,Black-tailed Jackrabbit,0,11
BCAM13,2024-01,American Badger,0,31
BCAM13,2024-01,Bobcat,0,31
BCAM13,2024-01,Coyote,15,31
BCAM13,2024-01,Domestic Dog,0,31
BCAM13,2024-01,Human,3,31
BCAM13,2024-01,Human-Camera Trapper,2,31
BCAM13,2024-01,Mule Deer,0,31
BCAM13,2024-01,North American River Otter,0,31
BCAM13,2024-01,Northern Elephant Seal,131,31
BCAM13,2024-01,Northern Raccoon,0,31
BCAM13,2024-01,Striped Skunk,0,31
BCAM13,2024-01,Brush Rabbit,0,31
BCAM13,2024-01,Californian Sea Lion,0,31
BCAM13,2024-01,Domestic Cattle,0,31
BCAM13,2024-01,Elk,0,31
BCAM13,2024-01,Black-tailed Jackrabbit,0,31
BCAM13,2024-02,American Badger,0,29
BCAM13,2024-02,Bobcat,0,29
BCAM13,2024-02,Coyote,6,29
BCAM13,2024-02,Domestic Dog,0,29
BCAM13,2024-02,Human,2,29
BCAM13,2024-02,Human-Camera Trapper,2,29
BCAM13,2024-02,Mule Deer,0,29
BCAM13,2024-02,North American River Otter,0,29
BCAM13,2024-02,Northern Elephant Seal,90,29
BCAM13,2024-02,Northern Raccoon,0,29
BCAM13,2024-02,Striped Skunk,0,29
BCAM13,2024-02,Brush Rabbit,0,29
BCAM13,2024-02,Californian Sea Lion,0,29
BCAM13,2024-02,Domestic Cattle,3,29
BCAM13,2024-02,Elk,0,29
BCAM13,2024-02,Black-tailed Jackrabbit,0,29
BCAM13,2024-03,American Badger,0,31
BCAM13,2024-03,Bobcat,0,31
BCAM13,2024-03,Coyote,6,31
BCAM13,2024-03,Domestic Dog,0,31
BCAM13,2024-03,Human,2,31
BCAM13,2024-03,Human-Camera Trapper,2,31
BCAM13,2024-03,Mule Deer,1,31
BCAM13,2024-03,North American River Otter,0,31
BCAM13,2024-03,Northern Elephant Seal,27,31
BCAM13,2024-03,Northern Raccoon,0,31
BCAM13,2024-03,Striped Skunk,0,31
BCAM13,2024-03,Brush Rabbit,0,31
BCAM13,2024-03,Californian Sea Lion,0,31
BCAM13,2024-03,Domestic Cattle,0,31
BCAM13,2024-03,Elk,0,31
BCAM13,2024-03,Black-tailed Jackrabbit,0,31
BCAM13,2024-04,American Badger,0,30
BCAM13,2024-04,Bobcat,0,30
BCAM13,2024-04,Coyote,11,30
BCAM13,2024-04,Domestic Dog,0,30
BCAM13,2024-04,Human,2,30
BCAM13,2024-04,Human-Camera Trapper,2,30
BCAM13,2024-04,Mule Deer,2,30
BCAM13,2024-04,North American River Otter,0,30
BCAM13,2024-04,Northern Elephant Seal,8,30
BCAM13,2024-04,Northern Raccoon,1,30
BCAM13,2024-04,Striped Skunk,0,30
BCAM13,2024-04,Brush Rabbit,0,30
BCAM13,2024-04,Californian Sea Lion,0,30
BCAM13,2024-04,Domestic Cattle,7,30
BCAM13,2024-04,Elk,0,30
BCAM13,2024-04,Black-tailed Jackrabbit,0,30
BCAM13,2024-06,American Badger,0,30
BCAM13,2024-06,Bobcat,0,30
BCAM13,2024-06,Coyote,5,30
BCAM13,2024-06,Domestic Dog,0,30
BCAM13,2024-06,Human,0,30
BCAM13,2024-06,Human-Camera Trapper,4,30
BCAM13,2024-06,Mule Deer,11,30
BCAM13,2024-06,North American River Otter,0,30
BCAM13,2024-06,Northern Elephant Seal,0,30
BCAM13,2024-06,Northern Raccoon,0,30
BCAM13,2024-06,Striped Skunk,0,30
BCAM13,2024-06,Brush Rabbit,0,30
BCAM13,2024-06,Californian Sea Lion,0,30
BCAM13,2024-06,Domestic Cattle,8,30
BCAM13,2024-06,Elk,0,30
BCAM13,2024-06,Black-tailed Jackrabbit,0,30
BCAM13,2024-07,American Badger,0,31
BCAM13,2024-07,Bobcat,0,31
BCAM13,2024-07,Coyote,3,31
BCAM13,2024-07,Domestic Dog,0,31
BCAM13,2024-07,Human,0,31
BCAM13,2024-07,Human-Camera Trapper,0,31
BCAM13,2024-07,Mule Deer,8,31
BCAM13,2024-07,North American River Otter,0,31
BCAM13,2024-07,Northern Elephant Seal,3,31
BCAM13,2024-07,Northern Raccoon,0,31
BCAM13,2024-07,Striped Skunk,0,31
BCAM13,2024-07,Brush Rabbit,0,31
BCAM13,2024-07,Californian Sea Lion,0,31
BCAM13,2024-07,Domestic Cattle,0,31
BCAM13,2024-07,Elk,0,31
BCAM13,2024-07,Black-tailed Jackrabbit,0,31
BCAM13,2024-08,American Badger,0,31
BCAM13,2024-08,Bobcat,0,31
BCAM13,2024-08,Coyote,5,31
BCAM13,2024-08,Domestic Dog,0,31
BCAM13,2024-08,Human,1,31
BCAM13,2024-08,Human-Camera Trapper,2,31
BCAM13,2024-08,Mule Deer,7,31
BCAM13,2024-08,North American River Otter,0,31
BCAM13,2024-08,Northern Elephant Seal,1,31
BCAM13,2024-08,Northern Raccoon,0,31
BCAM13,2024-08,Striped Skunk,0,31
BCAM13,2024-08,Brush Rabbit,0,31
BCAM13,2024-08,Californian Sea Lion,0,31
BCAM13,2024-08,Domestic Cattle,0,31
BCAM13,2024-08,Elk,0,31
BCAM13,2024-08,Black-tailed Jackrabbit,0,31
BCAM13,2024-09,American Badger,0,30
BCAM13,2024-09,Bobcat,0,30
BCAM13,2024-09,Coyote,2,30
BCAM13,2024-09,Domestic Dog,0,30
BCAM13,2024-09,Human,2,30
BCAM13,2024-09,Human-Camera Trapper,2,30
BCAM13,2024-09,Mule Deer,6,30
BCAM13,2024-09,North American River Otter,0,30
BCAM13,2024-09,Northern Elephant Seal,0,30
BCAM13,2024-09,Northern Raccoon,0,30
BCAM13,2024-09,Striped Skunk,0,30
BCAM13,2024-09,Brush Rabbit,0,30
BCAM13,2024-09,Californian Sea Lion,0,30
BCAM13,2024-09,Domestic Cattle,1,30
BCAM13,2024-09,Elk,0,30
BCAM13,2024-09,Black-tailed Jackrabbit,0,30
BCAM13,2024-10,American Badger,0,31
BCAM13,2024-10,Bobcat,0,31
BCAM13,2024-10,Coyote,15,31
BCAM13,2024-10,Domestic Dog,1,31
BCAM13,2024-10,Human,1,31
BCAM13,2024-10,Human-Camera Trapper,2,31
BCAM13,2024-10,Mule Deer,4,31
BCAM13,2024-10,North American River Otter,0,31
BCAM13,2024-10,Northern Elephant Seal,0,31
BCAM13,2024-10,Northern Raccoon,0,31
BCAM13,2024-10,Striped Skunk,2,31
BCAM13,2024-10,Brush Rabbit,0,31
BCAM13,2024-10,Californian Sea Lion,0,31
BCAM13,2024-10,Domestic Cattle,1,31
BCAM13,2024-10,Elk,1,31
BCAM13,2024-10,Black-tailed Jackrabbit,0,31
BCAM13,2024-12,American Badger,0,31
BCAM13,2024-12,Bobcat,0,31
BCAM13,2024-12,Coyote,7,31
BCAM13,2024-12,Domestic Dog,0,31
BCAM13,2024-12,Human,0,31
BCAM13,2024-12,Human-Camera Trapper,2,31
BCAM13,2024-12,Mule Deer,0,31
BCAM13,2024-12,North American River Otter,0,31
BCAM13,2024-12,Northern Elephant Seal,37,31
BCAM13,2024-12,Northern Raccoon,1,31
BCAM13,2024-12,Striped Skunk,0,31
BCAM13,2024-12,Brush Rabbit,0,31
BCAM13,2024-12,Californian Sea Lion,0,31
BCAM13,2024-12,Domestic Cattle,1,31
BCAM13,2024-12,Elk,0,31
BCAM13,2024-12,Black-tailed Jackrabbit,0,31
BCAM13,2025-01,American Badger,0,31
BCAM13,2025-01,Bobcat,0,31
BCAM13,2025-01,Coyote,15,31
BCAM13,2025-01,Domestic Dog,0,31
BCAM13,2025-01,Human,2,31
BCAM13,2025-01,Human-Camera Trapper,2,31
BCAM13,2025-01,Mule Deer,1,31
BCAM13,2025-01,North American River Otter,0,31
BCAM13,2025-01,Northern Elephant Seal,136,31
BCAM13,2025-01,Northern Raccoon,0,31
BCAM13,2025-01,Striped Skunk,0,31
BCAM13,2025-01,Brush Rabbit,0,31
BCAM13,2025-01,Californian Sea Lion,0,31
BCAM13,2025-01,Domestic Cattle,6,31
BCAM13,2025-01,Elk,0,31
BCAM13,2025-01,Black-tailed Jackrabbit,0,31
BCAM13,2025-02,American Badger,0,28
BCAM13,2025-02,Bobcat,0,28
BCAM13,2025-02,Coyote,10,28
BCAM13,2025-02,Domestic Dog,0,28
BCAM13,2025-02,Human,2,28
BCAM13,2025-02,Human-Camera Trapper,4,28
BCAM13,2025-02,Mule Deer,0,28
BCAM13,2025-02,North American River Otter,0,28
BCAM13,2025-02,Northern Elephant Seal,68,28
BCAM13,2025-02,Northern Raccoon,0,28
BCAM13,2025-02,Striped Skunk,0,28
BCAM13,2025-02,Brush Rabbit,0,28
BCAM13,2025-02,Californian Sea Lion,0,28
BCAM13,2025-02,Domestic Cattle,0,28
BCAM13,2025-02,Elk,0,28
BCAM13,2025-02,Black-tailed Jackrabbit,0,28
BCAM13,2025-03,American Badger,0,21
BCAM13,2025-03,Bobcat,0,21
BCAM13,2025-03,Coyote,8,21
BCAM13,2025-03,Domestic Dog,0,21
BCAM13,2025-03,Human,0,21
BCAM13,2025-03,Human-Camera Trapper,1,21
BCAM13,2025-03,Mule Deer,0,21
BCAM13,2025-03,North American River Otter,0,21
BCAM13,2025-03,Northern Elephant Seal,66,21
BCAM13,2025-03,Northern Raccoon,0,21
BCAM13,2025-03,Striped Skunk,0,21
BCAM13,2025-03,Brush Rabbit,0,21
BCAM13,2025-03,Californian Sea Lion,0,21
BCAM13,2025-03,Domestic Cattle,5,21
BCAM13,2025-03,Elk,0,21
BCAM13,2025-03,Black-tailed Jackrabbit,0,21
BCAM13,2025-04,American Badger,0,30
BCAM13,2025-04,Bobcat,0,30
BCAM13,2025-04,Coyote,12,30
BCAM13,2025-04,Domestic Dog,0,30
BCAM13,2025-04,Human,0,30
BCAM13,2025-04,Human-Camera Trapper,2,30
BCAM13,2025-04,Mule Deer,6,30
BCAM13,2025-04,North American River Otter,0,30
BCAM13,2025-04,Northern Elephant Seal,18,30
BCAM13,2025-04,Northern Raccoon,0,30
BCAM13,2025-04,Striped Skunk,0,30
BCAM13,2025-04,Brush Rabbit,0,30
BCAM13,2025-04,Californian Sea Lion,0,30
BCAM13,2025-04,Domestic Cattle,6,30
BCAM13,2025-04,Elk,0,30
BCAM13,2025-04,Black-tailed Jackrabbit,0,30
BCAM13,2025-05,American Badger,0,11
BCAM13,2025-05,Bobcat,0,11
BCAM13,2025-05,Coyote,7,11
BCAM13,2025-05,Domestic Dog,0,11
BCAM13,2025-05,Human,0,11
BCAM13,2025-05,Human-Camera Trapper,0,11
BCAM13,2025-05,Mule Deer,2,11
BCAM13,2025-05,North American River Otter,0,11
BCAM13,2025-05,Northern Elephant Seal,0,11
BCAM13,2025-05,Northern Raccoon,1,11
BCAM13,2025-05,Striped Skunk,0,11
BCAM13,2025-05,Brush Rabbit,0,11
BCAM13,2025-05,Californian Sea Lion,0,11
BCAM13,2025-05,Domestic Cattle,5,11
BCAM13,2025-05,Elk,0,11
BCAM13,2025-05,Black-tailed Jackrabbit,0,11
BCAM13,2026-01,American Badger,0,26
BCAM13,2026-01,Bobcat,0,26
BCAM13,2026-01,Coyote,7,26
BCAM13,2026-01,Domestic Dog,0,26
BCAM13,2026-01,Human,2,26
BCAM13,2026-01,Human-Camera Trapper,3,26
BCAM13,2026-01,Mule Deer,0,26
BCAM13,2026-01,North American River Otter,0,26
BCAM13,2026-01,Northern Elephant Seal,26,26
BCAM13,2026-01,Northern Raccoon,0,26
BCAM13,2026-01,Striped Skunk,0,26
BCAM13,2026-01,Brush Rabbit,0,26
BCAM13,2026-01,Californian Sea Lion,0,26
BCAM13,2026-01,Domestic Cattle,4,26
BCAM13,2026-01,Elk,0,26
BCAM13,2026-01,Black-tailed Jackrabbit,0,26
BCAM13,2026-02,American Badger,0,10
BCAM13,2026-02,Bobcat,0,10
BCAM13,2026-02,Coyote,2,10
BCAM13,2026-02,Domestic Dog,0,10
BCAM13,2026-02,Human,0,10
BCAM13,2026-02,Human-Camera Trapper,1,10
BCAM13,2026-02,Mule Deer,1,10
BCAM13,2026-02,North American River Otter,0,10
BCAM13,2026-02,Northern Elephant Seal,8,10
BCAM13,2026-02,Northern Raccoon,0,10
BCAM13,2026-02,Striped Skunk,0,10
BCAM13,2026-02,Brush Rabbit,0,10
BCAM13,2026-02,Californian Sea Lion,0,10
BCAM13,2026-02,Domestic Cattle,0,10
BCAM13,2026-02,Elk,0,10
BCAM13,2026-02,Black-tailed Jackrabbit,0,10
BCAM13,2026-03,American Badger,0,31
BCAM13,2026-03,Bobcat,0,31
BCAM13,2026-03,Coyote,11,31
BCAM13,2026-03,Domestic Dog,0,31
BCAM13,2026-03,Human,0,31
BCAM13,2026-03,Human-Camera Trapper,0,31
BCAM13,2026-03,Mule Deer,2,31
BCAM13,2026-03,North American River Otter,0,31
BCAM13,2026-03,Northern Elephant Seal,19,31
BCAM13,2026-03,Northern Raccoon,2,31
BCAM13,2026-03,Striped Skunk,0,31
BCAM13,2026-03,Brush Rabbit,0,31
BCAM13,2026-03,Californian Sea Lion,0,31
BCAM13,2026-03,Domestic Cattle,0,31
BCAM13,2026-03,Elk,0,31
BCAM13,2026-03,Black-tailed Jackrabbit,0,31
BCAM14,2023-09,American Badger,0,26
BCAM14,2023-09,Bobcat,1,26
BCAM14,2023-09,Coyote,3,26
BCAM14,2023-09,Domestic Dog,0,26
BCAM14,2023-09,Human,9,26
BCAM14,2023-09,Human-Camera Trapper,3,26
BCAM14,2023-09,Mule Deer,2,26
BCAM14,2023-09,North American River Otter,0,26
BCAM14,2023-09,Northern Elephant Seal,0,26
BCAM14,2023-09,Northern Raccoon,0,26
BCAM14,2023-09,Striped Skunk,0,26
BCAM14,2023-09,Brush Rabbit,0,26
BCAM14,2023-09,Californian Sea Lion,0,26
BCAM14,2023-09,Domestic Cattle,0,26
BCAM14,2023-09,Elk,0,26
BCAM14,2023-09,Black-tailed Jackrabbit,0,26
BCAM14,2024-05,American Badger,0,28
BCAM14,2024-05,Bobcat,1,28
BCAM14,2024-05,Coyote,1,28
BCAM14,2024-05,Domestic Dog,0,28
BCAM14,2024-05,Human,2,28
BCAM14,2024-05,Human-Camera Trapper,1,28
BCAM14,2024-05,Mule Deer,0,28
BCAM14,2024-05,North American River Otter,0,28
BCAM14,2024-05,Northern Elephant Seal,0,28
BCAM14,2024-05,Northern Raccoon,1,28
BCAM14,2024-05,Striped Skunk,0,28
BCAM14,2024-05,Brush Rabbit,0,28
BCAM14,2024-05,Californian Sea Lion,0,28
BCAM14,2024-05,Domestic Cattle,0,28
BCAM14,2024-05,Elk,0,28
BCAM14,2024-05,Black-tailed Jackrabbit,0,28
BCAM14,2024-11,American Badger,0,30
BCAM14,2024-11,Bobcat,1,30
BCAM14,2024-11,Coyote,0,30
BCAM14,2024-11,Domestic Dog,0,30
BCAM14,2024-11,Human,0,30
BCAM14,2024-11,Human-Camera Trapper,2,30
BCAM14,2024-11,Mule Deer,0,30
BCAM14,2024-11,North American River Otter,0,30
BCAM14,2024-11,Northern Elephant Seal,0,30
BCAM14,2024-11,Northern Raccoon,0,30
BCAM14,2024-11,Striped Skunk,0,30
BCAM14,2024-11,Brush Rabbit,0,30
BCAM14,2024-11,Californian Sea Lion,0,30
BCAM14,2024-11,Domestic Cattle,0,30
BCAM14,2024-11,Elk,0,30
BCAM14,2024-11,Black-tailed Jackrabbit,0,30
BCAM14,2023-10,American Badger,0,20
BCAM14,2023-10,Bobcat,0,20
BCAM14,2023-10,Coyote,1,20
BCAM14,2023-10,Domestic Dog,0,20
BCAM14,2023-10,Human,6,20
BCAM14,2023-10,Human-Camera Trapper,0,20
BCAM14,2023-10,Mule Deer,0,20
BCAM14,2023-10,North American River Otter,0,20
BCAM14,2023-10,Northern Elephant Seal,0,20
BCAM14,2023-10,Northern Raccoon,1,20
BCAM14,2023-10,Striped Skunk,0,20
BCAM14,2023-10,Brush Rabbit,0,20
BCAM14,2023-10,Californian Sea Lion,0,20
BCAM14,2023-10,Domestic Cattle,0,20
BCAM14,2023-10,Elk,0,20
BCAM14,2023-10,Black-tailed Jackrabbit,0,20
BCAM14,2024-07,American Badger,0,31
BCAM14,2024-07,Bobcat,0,31
BCAM14,2024-07,Coyote,2,31
BCAM14,2024-07,Domestic Dog,0,31
BCAM14,2024-07,Human,3,31
BCAM14,2024-07,Human-Camera Trapper,0,31
BCAM14,2024-07,Mule Deer,0,31
BCAM14,2024-07,North American River Otter,0,31
BCAM14,2024-07,Northern Elephant Seal,0,31
BCAM14,2024-07,Northern Raccoon,1,31
BCAM14,2024-07,Striped Skunk,0,31
BCAM14,2024-07,Brush Rabbit,0,31
BCAM14,2024-07,Californian Sea Lion,0,31
BCAM14,2024-07,Domestic Cattle,0,31
BCAM14,2024-07,Elk,0,31
BCAM14,2024-07,Black-tailed Jackrabbit,0,31
BCAM14,2024-08,American Badger,0,31
BCAM14,2024-08,Bobcat,0,31
BCAM14,2024-08,Coyote,1,31
BCAM14,2024-08,Domestic Dog,0,31
BCAM14,2024-08,Human,1,31
BCAM14,2024-08,Human-Camera Trapper,2,31
BCAM14,2024-08,Mule Deer,0,31
BCAM14,2024-08,North American River Otter,0,31
BCAM14,2024-08,Northern Elephant Seal,0,31
BCAM14,2024-08,Northern Raccoon,2,31
BCAM14,2024-08,Striped Skunk,0,31
BCAM14,2024-08,Brush Rabbit,0,31
BCAM14,2024-08,Californian Sea Lion,0,31
BCAM14,2024-08,Domestic Cattle,0,31
BCAM14,2024-08,Elk,0,31
BCAM14,2024-08,Black-tailed Jackrabbit,0,31
BCAM14,2024-12,American Badger,0,21
BCAM14,2024-12,Bobcat,0,21
BCAM14,2024-12,Coyote,1,21
BCAM14,2024-12,Domestic Dog,0,21
BCAM14,2024-12,Human,0,21
BCAM14,2024-12,Human-Camera Trapper,1,21
BCAM14,2024-12,Mule Deer,0,21
BCAM14,2024-12,North American River Otter,0,21
BCAM14,2024-12,Northern Elephant Seal,0,21
BCAM14,2024-12,Northern Raccoon,0,21
BCAM14,2024-12,Striped Skunk,0,21
BCAM14,2024-12,Brush Rabbit,0,21
BCAM14,2024-12,Californian Sea Lion,0,21
BCAM14,2024-12,Domestic Cattle,0,21
BCAM14,2024-12,Elk,0,21
BCAM14,2024-12,Black-tailed Jackrabbit,0,21
BCAM14,2024-10,American Badger,0,31
BCAM14,2024-10,Bobcat,0,31
BCAM14,2024-10,Coyote,0,31
BCAM14,2024-10,Domestic Dog,0,31
BCAM14,2024-10,Human,2,31
BCAM14,2024-10,Human-Camera Trapper,2,31
BCAM14,2024-10,Mule Deer,0,31
BCAM14,2024-10,North American River Otter,0,31
BCAM14,2024-10,Northern Elephant Seal,0,31
BCAM14,2024-10,Northern Raccoon,1,31
BCAM14,2024-10,Striped Skunk,0,31
BCAM14,2024-10,Brush Rabbit,0,31
BCAM14,2024-10,Californian Sea Lion,0,31
BCAM14,2024-10,Domestic Cattle,0,31
BCAM14,2024-10,Elk,0,31
BCAM14,2024-10,Black-tailed Jackrabbit,0,31
BCAM14,2024-06,American Badger,0,30
BCAM14,2024-06,Bobcat,0,30
BCAM14,2024-06,Coyote,0,30
BCAM14,2024-06,Domestic Dog,0,30
BCAM14,2024-06,Human,0,30
BCAM14,2024-06,Human-Camera Trapper,4,30
BCAM14,2024-06,Mule Deer,0,30
BCAM14,2024-06,North American River Otter,0,30
BCAM14,2024-06,Northern Elephant Seal,0,30
BCAM14,2024-06,Northern Raccoon,2,30
BCAM14,2024-06,Striped Skunk,0,30
BCAM14,2024-06,Brush Rabbit,0,30
BCAM14,2024-06,Californian Sea Lion,0,30
BCAM14,2024-06,Domestic Cattle,0,30
BCAM14,2024-06,Elk,0,30
BCAM14,2024-06,Black-tailed Jackrabbit,0,30
BCAM14,2024-09,American Badger,0,30
BCAM14,2024-09,Bobcat,0,30
BCAM14,2024-09,Coyote,0,30
BCAM14,2024-09,Domestic Dog,0,30
BCAM14,2024-09,Human,0,30
BCAM14,2024-09,Human-Camera Trapper,2,30
BCAM14,2024-09,Mule Deer,0,30
BCAM14,2024-09,North American River Otter,0,30
BCAM14,2024-09,Northern Elephant Seal,0,30
BCAM14,2024-09,Northern Raccoon,0,30
BCAM14,2024-09,Striped Skunk,0,30
BCAM14,2024-09,Brush Rabbit,0,30
BCAM14,2024-09,Californian Sea Lion,0,30
BCAM14,2024-09,Domestic Cattle,0,30
BCAM14,2024-09,Elk,0,30
BCAM14,2024-09,Black-tailed Jackrabbit,0,30
BCAM15,2025-01,American Badger,1,31
BCAM15,2025-01,Bobcat,0,31
BCAM15,2025-01,Coyote,2,31
BCAM15,2025-01,Domestic Dog,12,31
BCAM15,2025-01,Human,50,31
BCAM15,2025-01,Human-Camera Trapper,2,31
BCAM15,2025-01,Mule Deer,0,31
BCAM15,2025-01,North American River Otter,0,31
BCAM15,2025-01,Northern Elephant Seal,0,31
BCAM15,2025-01,Northern Raccoon,0,31
BCAM15,2025-01,Striped Skunk,0,31
BCAM15,2025-01,Brush Rabbit,0,31
BCAM15,2025-01,Californian Sea Lion,0,31
BCAM15,2025-01,Domestic Cattle,0,31
BCAM15,2025-01,Elk,0,31
BCAM15,2025-01,Black-tailed Jackrabbit,0,31
BCAM15,2025-12,American Badger,0,30
BCAM15,2025-12,Bobcat,0,30
BCAM15,2025-12,Coyote,2,30
BCAM15,2025-12,Domestic Dog,17,30
BCAM15,2025-12,Human,31,30
BCAM15,2025-12,Human-Camera Trapper,2,30
BCAM15,2025-12,Mule Deer,0,30
BCAM15,2025-12,North American River Otter,0,30
BCAM15,2025-12,Northern Elephant Seal,0,30
BCAM15,2025-12,Northern Raccoon,0,30
BCAM15,2025-12,Striped Skunk,0,30
BCAM15,2025-12,Brush Rabbit,0,30
BCAM15,2025-12,Californian Sea Lion,0,30
BCAM15,2025-12,Domestic Cattle,0,30
BCAM15,2025-12,Elk,0,30
BCAM15,2025-12,Black-tailed Jackrabbit,2,30
BCAM15,2026-01,American Badger,0,22
BCAM15,2026-01,Bobcat,0,22
BCAM15,2026-01,Coyote,1,22
BCAM15,2026-01,Domestic Dog,7,22
BCAM15,2026-01,Human,26,22
BCAM15,2026-01,Human-Camera Trapper,0,22
BCAM15,2026-01,Mule Deer,0,22
BCAM15,2026-01,North American River Otter,0,22
BCAM15,2026-01,Northern Elephant Seal,0,22
BCAM15,2026-01,Northern Raccoon,0,22
BCAM15,2026-01,Striped Skunk,0,22
BCAM15,2026-01,Brush Rabbit,0,22
BCAM15,2026-01,Californian Sea Lion,0,22
BCAM15,2026-01,Domestic Cattle,0,22
BCAM15,2026-01,Elk,0,22
BCAM15,2026-01,Black-tailed Jackrabbit,2,22
BCAM15,2026-03,American Badger,0,31
BCAM15,2026-03,Bobcat,0,31
BCAM15,2026-03,Coyote,6,31
BCAM15,2026-03,Domestic Dog,28,31
BCAM15,2026-03,Human,40,31
BCAM15,2026-03,Human-Camera Trapper,0,31
BCAM15,2026-03,Mule Deer,0,31
BCAM15,2026-03,North American River Otter,0,31
BCAM15,2026-03,Northern Elephant Seal,0,31
BCAM15,2026-03,Northern Raccoon,0,31
BCAM15,2026-03,Striped Skunk,0,31
BCAM15,2026-03,Brush Rabbit,0,31
BCAM15,2026-03,Californian Sea Lion,0,31
BCAM15,2026-03,Domestic Cattle,0,31
BCAM15,2026-03,Elk,0,31
BCAM15,2026-03,Black-tailed Jackrabbit,2,31
BCAM15,2025-03,American Badger,0,31
BCAM15,2025-03,Bobcat,1,31
BCAM15,2025-03,Coyote,1,31
BCAM15,2025-03,Domestic Dog,13,31
BCAM15,2025-03,Human,34,31
BCAM15,2025-03,Human-Camera Trapper,2,31
BCAM15,2025-03,Mule Deer,0,31
BCAM15,2025-03,North American River Otter,0,31
BCAM15,2025-03,Northern Elephant Seal,0,31
BCAM15,2025-03,Northern Raccoon,0,31
BCAM15,2025-03,Striped Skunk,0,31
BCAM15,2025-03,Brush Rabbit,0,31
BCAM15,2025-03,Californian Sea Lion,0,31
BCAM15,2025-03,Domestic Cattle,0,31
BCAM15,2025-03,Elk,0,31
BCAM15,2025-03,Black-tailed Jackrabbit,0,31
BCAM15,2025-02,American Badger,0,28
BCAM15,2025-02,Bobcat,0,28
BCAM15,2025-02,Coyote,3,28
BCAM15,2025-02,Domestic Dog,21,28
BCAM15,2025-02,Human,41,28
BCAM15,2025-02,Human-Camera Trapper,3,28
BCAM15,2025-02,Mule Deer,0,28
BCAM15,2025-02,North American River Otter,1,28
BCAM15,2025-02,Northern Elephant Seal,0,28
BCAM15,2025-02,Northern Raccoon,0,28
BCAM15,2025-02,Striped Skunk,0,28
BCAM15,2025-02,Brush Rabbit,0,28
BCAM15,2025-02,Californian Sea Lion,0,28
BCAM15,2025-02,Domestic Cattle,0,28
BCAM15,2025-02,Elk,0,28
BCAM15,2025-02,Black-tailed Jackrabbit,0,28
BCAM15,2025-04,American Badger,0,30
BCAM15,2025-04,Bobcat,0,30
BCAM15,2025-04,Coyote,2,30
BCAM15,2025-04,Domestic Dog,8,30
BCAM15,2025-04,Human,30,30
BCAM15,2025-04,Human-Camera Trapper,2,30
BCAM15,2025-04,Mule Deer,0,30
BCAM15,2025-04,North American River Otter,0,30
BCAM15,2025-04,Northern Elephant Seal,0,30
BCAM15,2025-04,Northern Raccoon,0,30
BCAM15,2025-04,Striped Skunk,0,30
BCAM15,2025-04,Brush Rabbit,0,30
BCAM15,2025-04,Californian Sea Lion,0,30
BCAM15,2025-04,Domestic Cattle,0,30
BCAM15,2025-04,Elk,0,30
BCAM15,2025-04,Black-tailed Jackrabbit,0,30
BCAM15,2025-05,American Badger,0,31
BCAM15,2025-05,Bobcat,0,31
BCAM15,2025-05,Coyote,6,31
BCAM15,2025-05,Domestic Dog,14,31
BCAM15,2025-05,Human,36,31
BCAM15,2025-05,Human-Camera Trapper,0,31
BCAM15,2025-05,Mule Deer,1,31
BCAM15,2025-05,North American River Otter,0,31
BCAM15,2025-05,Northern Elephant Seal,0,31
BCAM15,2025-05,Northern Raccoon,0,31
BCAM15,2025-05,Striped Skunk,0,31
BCAM15,2025-05,Brush Rabbit,0,31
BCAM15,2025-05,Californian Sea Lion,0,31
BCAM15,2025-05,Domestic Cattle,0,31
BCAM15,2025-05,Elk,0,31
BCAM15,2025-05,Black-tailed Jackrabbit,0,31
BCAM15,2025-06,American Badger,0,30
BCAM15,2025-06,Bobcat,0,30
BCAM15,2025-06,Coyote,3,30
BCAM15,2025-06,Domestic Dog,21,30
BCAM15,2025-06,Human,41,30
BCAM15,2025-06,Human-Camera Trapper,4,30
BCAM15,2025-06,Mule Deer,0,30
BCAM15,2025-06,North American River Otter,0,30
BCAM15,2025-06,Northern Elephant Seal,0,30
BCAM15,2025-06,Northern Raccoon,0,30
BCAM15,2025-06,Striped Skunk,0,30
BCAM15,2025-06,Brush Rabbit,0,30
BCAM15,2025-06,Californian Sea Lion,0,30
BCAM15,2025-06,Domestic Cattle,0,30
BCAM15,2025-06,Elk,0,30
BCAM15,2025-06,Black-tailed Jackrabbit,0,30
BCAM15,2025-07,American Badger,0,31
BCAM15,2025-07,Bobcat,0,31
BCAM15,2025-07,Coyote,3,31
BCAM15,2025-07,Domestic Dog,13,31
BCAM15,2025-07,Human,31,31
BCAM15,2025-07,Human-Camera Trapper,0,31
BCAM15,2025-07,Mule Deer,1,31
BCAM15,2025-07,North American River Otter,0,31
BCAM15,2025-07,Northern Elephant Seal,0,31
BCAM15,2025-07,Northern Raccoon,0,31
BCAM15,2025-07,Striped Skunk,0,31
BCAM15,2025-07,Brush Rabbit,0,31
BCAM15,2025-07,Californian Sea Lion,0,31
BCAM15,2025-07,Domestic Cattle,0,31
BCAM15,2025-07,Elk,0,31
BCAM15,2025-07,Black-tailed Jackrabbit,0,31
BCAM15,2025-08,American Badger,0,31
BCAM15,2025-08,Bobcat,0,31
BCAM15,2025-08,Coyote,1,31
BCAM15,2025-08,Domestic Dog,12,31
BCAM15,2025-08,Human,35,31
BCAM15,2025-08,Human-Camera Trapper,2,31
BCAM15,2025-08,Mule Deer,0,31
BCAM15,2025-08,North American River Otter,0,31
BCAM15,2025-08,Northern Elephant Seal,0,31
BCAM15,2025-08,Northern Raccoon,0,31
BCAM15,2025-08,Striped Skunk,0,31
BCAM15,2025-08,Brush Rabbit,0,31
BCAM15,2025-08,Californian Sea Lion,0,31
BCAM15,2025-08,Domestic Cattle,0,31
BCAM15,2025-08,Elk,0,31
BCAM15,2025-08,Black-tailed Jackrabbit,0,31
BCAM15,2025-09,American Badger,0,30
BCAM15,2025-09,Bobcat,0,30
BCAM15,2025-09,Coyote,3,30
BCAM15,2025-09,Domestic Dog,8,30
BCAM15,2025-09,Human,18,30
BCAM15,2025-09,Human-Camera Trapper,1,30
BCAM15,2025-09,Mule Deer,1,30
BCAM15,2025-09,North American River Otter,0,30
BCAM15,2025-09,Northern Elephant Seal,0,30
BCAM15,2025-09,Northern Raccoon,0,30
BCAM15,2025-09,Striped Skunk,0,30
BCAM15,2025-09,Brush Rabbit,0,30
BCAM15,2025-09,Californian Sea Lion,0,30
BCAM15,2025-09,Domestic Cattle,0,30
BCAM15,2025-09,Elk,3,30
BCAM15,2025-09,Black-tailed Jackrabbit,0,30
BCAM15,2025-10,American Badger,0,31
BCAM15,2025-10,Bobcat,0,31
BCAM15,2025-10,Coyote,3,31
BCAM15,2025-10,Domestic Dog,13,31
BCAM15,2025-10,Human,24,31
BCAM15,2025-10,Human-Camera Trapper,2,31
BCAM15,2025-10,Mule Deer,0,31
BCAM15,2025-10,North American River Otter,0,31
BCAM15,2025-10,Northern Elephant Seal,0,31
BCAM15,2025-10,Northern Raccoon,3,31
BCAM15,2025-10,Striped Skunk,0,31
BCAM15,2025-10,Brush Rabbit,0,31
BCAM15,2025-10,Californian Sea Lion,0,31
BCAM15,2025-10,Domestic Cattle,0,31
BCAM15,2025-10,Elk,3,31
BCAM15,2025-10,Black-tailed Jackrabbit,0,31
BCAM15,2025-11,American Badger,0,30
BCAM15,2025-11,Bobcat,0,30
BCAM15,2025-11,Coyote,5,30
BCAM15,2025-11,Domestic Dog,17,30
BCAM15,2025-11,Human,39,30
BCAM15,2025-11,Human-Camera Trapper,0,30
BCAM15,2025-11,Mule Deer,0,30
BCAM15,2025-11,North American River Otter,0,30
BCAM15,2025-11,Northern Elephant Seal,0,30
BCAM15,2025-11,Northern Raccoon,0,30
BCAM15,2025-11,Striped Skunk,0,30
BCAM15,2025-11,Brush Rabbit,0,30
BCAM15,2025-11,Californian Sea Lion,0,30
BCAM15,2025-11,Domestic Cattle,0,30
BCAM15,2025-11,Elk,0,30
BCAM15,2025-11,Black-tailed Jackrabbit,0,30
BCAM15,2026-02,American Badger,0,28
BCAM15,2026-02,Bobcat,0,28
BCAM15,2026-02,Coyote,6,28
BCAM15,2026-02,Domestic Dog,15,28
BCAM15,2026-02,Human,34,28
BCAM15,2026-02,Human-Camera Trapper,2,28
BCAM15,2026-02,Mule Deer,0,28
BCAM15,2026-02,North American River Otter,0,28
BCAM15,2026-02,Northern Elephant Seal,0,28
BCAM15,2026-02,Northern Raccoon,0,28
BCAM15,2026-02,Striped Skunk,0,28
BCAM15,2026-02,Brush Rabbit,0,28
BCAM15,2026-02,Californian Sea Lion,0,28
BCAM15,2026-02,Domestic Cattle,0,28
BCAM15,2026-02,Elk,0,28
BCAM15,2026-02,Black-tailed Jackrabbit,0,28
BCAM15,2026-04,American Badger,0,30
BCAM15,2026-04,Bobcat,0,30
BCAM15,2026-04,Coyote,3,30
BCAM15,2026-04,Domestic Dog,12,30
BCAM15,2026-04,Human,22,30
BCAM15,2026-04,Human-Camera Trapper,2,30
BCAM15,2026-04,Mule Deer,0,30
BCAM15,2026-04,North American River Otter,0,30
BCAM15,2026-04,Northern Elephant Seal,0,30
BCAM15,2026-04,Northern Raccoon,0,30
BCAM15,2026-04,Striped Skunk,0,30
BCAM15,2026-04,Brush Rabbit,0,30
BCAM15,2026-04,Californian Sea Lion,0,30
BCAM15,2026-04,Domestic Cattle,0,30
BCAM15,2026-04,Elk,0,30
BCAM15,2026-04,Black-tailed Jackrabbit,0,30
BCAM15,2026-05,American Badger,0,30
BCAM15,2026-05,Bobcat,0,30
BCAM15,2026-05,Coyote,7,30
BCAM15,2026-05,Domestic Dog,11,30
BCAM15,2026-05,Human,18,30
BCAM15,2026-05,Human-Camera Trapper,1,30
BCAM15,2026-05,Mule Deer,0,30
BCAM15,2026-05,North American River Otter,0,30
BCAM15,2026-05,Northern Elephant Seal,0,30
BCAM15,2026-05,Northern Raccoon,1,30
BCAM15,2026-05,Striped Skunk,0,30
BCAM15,2026-05,Brush Rabbit,0,30
BCAM15,2026-05,Californian Sea Lion,0,30
BCAM15,2026-05,Domestic Cattle,0,30
BCAM15,2026-05,Elk,0,30
BCAM15,2026-05,Black-tailed Jackrabbit,0,30
BCAM15,2024-12,American Badger,0,12
BCAM15,2024-12,Bobcat,0,12
BCAM15,2024-12,Coyote,0,12
BCAM15,2024-12,Domestic Dog,20,12
BCAM15,2024-12,Human,27,12
BCAM15,2024-12,Human-Camera Trapper,1,12
BCAM15,2024-12,Mule Deer,0,12
BCAM15,2024-12,North American River Otter,0,12
BCAM15,2024-12,Northern Elephant Seal,0,12
BCAM15,2024-12,Northern Raccoon,0,12
BCAM15,2024-12,Striped Skunk,0,12
BCAM15,2024-12,Brush Rabbit,0,12
BCAM15,2024-12,Californian Sea Lion,0,12
BCAM15,2024-12,Domestic Cattle,0,12
BCAM15,2024-12,Elk,0,12
BCAM15,2024-12,Black-tailed Jackrabbit,0,12
BCAM16,2025-01,American Badger,0,4
BCAM16,2025-01,Bobcat,0,4
BCAM16,2025-01,Coyote,1,4
BCAM16,2025-01,Domestic Dog,0,4
BCAM16,2025-01,Human,2,4
BCAM16,2025-01,Human-Camera Trapper,0,4
BCAM16,2025-01,Mule Deer,0,4
BCAM16,2025-01,North American River Otter,0,4
BCAM16,2025-01,Northern Elephant Seal,0,4
BCAM16,2025-01,Northern Raccoon,0,4
BCAM16,2025-01,Striped Skunk,0,4
BCAM16,2025-01,Brush Rabbit,0,4
BCAM16,2025-01,Californian Sea Lion,0,4
BCAM16,2025-01,Domestic Cattle,0,4
BCAM16,2025-01,Elk,0,4
BCAM16,2025-01,Black-tailed Jackrabbit,0,4
BCAM16,2024-12,American Badger,0,12
BCAM16,2024-12,Bobcat,0,12
BCAM16,2024-12,Coyote,0,12
BCAM16,2024-12,Domestic Dog,2,12
BCAM16,2024-12,Human,10,12
BCAM16,2024-12,Human-Camera Trapper,1,12
BCAM16,2024-12,Mule Deer,0,12
BCAM16,2024-12,North American River Otter,0,12
BCAM16,2024-12,Northern Elephant Seal,0,12
BCAM16,2024-12,Northern Raccoon,0,12
BCAM16,2024-12,Striped Skunk,0,12
BCAM16,2024-12,Brush Rabbit,0,12
BCAM16,2024-12,Californian Sea Lion,0,12
BCAM16,2024-12,Domestic Cattle,0,12
BCAM16,2024-12,Elk,0,12
BCAM16,2024-12,Black-tailed Jackrabbit,0,12
BCAM17,2024-12,American Badger,0,12
BCAM17,2024-12,Bobcat,0,12
BCAM17,2024-12,Coyote,1,12
BCAM17,2024-12,Domestic Dog,7,12
BCAM17,2024-12,Human,10,12
BCAM17,2024-12,Human-Camera Trapper,1,12
BCAM17,2024-12,Mule Deer,0,12
BCAM17,2024-12,North American River Otter,0,12
BCAM17,2024-12,Northern Elephant Seal,0,12
BCAM17,2024-12,Northern Raccoon,0,12
BCAM17,2024-12,Striped Skunk,0,12
BCAM17,2024-12,Brush Rabbit,0,12
BCAM17,2024-12,Californian Sea Lion,0,12
BCAM17,2024-12,Domestic Cattle,0,12
BCAM17,2024-12,Elk,0,12
BCAM17,2024-12,Black-tailed Jackrabbit,0,12
BCAM17,2025-01,American Badger,0,4
BCAM17,2025-01,Bobcat,0,4
BCAM17,2025-01,Coyote,0,4
BCAM17,2025-01,Domestic Dog,0,4
BCAM17,2025-01,Human,0,4
BCAM17,2025-01,Human-Camera Trapper,1,4
BCAM17,2025-01,Mule Deer,0,4
BCAM17,2025-01,North American River Otter,0,4
BCAM17,2025-01,Northern Elephant Seal,0,4
BCAM17,2025-01,Northern Raccoon,0,4
BCAM17,2025-01,Striped Skunk,0,4
BCAM17,2025-01,Brush Rabbit,0,4
BCAM17,2025-01,Californian Sea Lion,0,4
BCAM17,2025-01,Domestic Cattle,0,4
BCAM17,2025-01,Elk,0,4
BCAM17,2025-01,Black-tailed Jackrabbit,0,4
BCAM18,2024-12,American Badger,0,12
BCAM18,2024-12,Bobcat,0,12
BCAM18,2024-12,Coyote,2,12
BCAM18,2024-12,Domestic Dog,0,12
BCAM18,2024-12,Human,11,12
BCAM18,2024-12,Human-Camera Trapper,1,12
BCAM18,2024-12,Mule Deer,0,12
BCAM18,2024-12,North American River Otter,0,12
BCAM18,2024-12,Northern Elephant Seal,0,12
BCAM18,2024-12,Northern Raccoon,0,12
BCAM18,2024-12,Striped Skunk,1,12
BCAM18,2024-12,Brush Rabbit,0,12
BCAM18,2024-12,Californian Sea Lion,0,12
BCAM18,2024-12,Domestic Cattle,0,12
BCAM18,2024-12,Elk,0,12
BCAM18,2024-12,Black-tailed Jackrabbit,2,12
BCAM18,2025-01,American Badger,0,31
BCAM18,2025-01,Bobcat,4,31
BCAM18,2025-01,Coyote,5,31
BCAM18,2025-01,Domestic Dog,5,31
BCAM18,2025-01,Human,13,31
BCAM18,2025-01,Human-Camera Trapper,2,31
BCAM18,2025-01,Mule Deer,0,31
BCAM18,2025-01,North American River Otter,0,31
BCAM18,2025-01,Northern Elephant Seal,0,31
BCAM18,2025-01,Northern Raccoon,0,31
BCAM18,2025-01,Striped Skunk,0,31
BCAM18,2025-01,Brush Rabbit,0,31
BCAM18,2025-01,Californian Sea Lion,0,31
BCAM18,2025-01,Domestic Cattle,0,31
BCAM18,2025-01,Elk,0,31
BCAM18,2025-01,Black-tailed Jackrabbit,1,31
BCAM18,2025-02,American Badger,0,28
BCAM18,2025-02,Bobcat,0,28
BCAM18,2025-02,Coyote,3,28
BCAM18,2025-02,Domestic Dog,1,28
BCAM18,2025-02,Human,5,28
BCAM18,2025-02,Human-Camera Trapper,4,28
BCAM18,2025-02,Mule Deer,0,28
BCAM18,2025-02,North American River Otter,0,28
BCAM18,2025-02,Northern Elephant Seal,0,28
BCAM18,2025-02,Northern Raccoon,0,28
BCAM18,2025-02,Striped Skunk,0,28
BCAM18,2025-02,Brush Rabbit,0,28
BCAM18,2025-02,Californian Sea Lion,0,28
BCAM18,2025-02,Domestic Cattle,0,28
BCAM18,2025-02,Elk,0,28
BCAM18,2025-02,Black-tailed Jackrabbit,0,28
BCAM18,2025-03,American Badger,0,19
BCAM18,2025-03,Bobcat,0,19
BCAM18,2025-03,Coyote,1,19
BCAM18,2025-03,Domestic Dog,0,19
BCAM18,2025-03,Human,4,19
BCAM18,2025-03,Human-Camera Trapper,2,19
BCAM18,2025-03,Mule Deer,0,19
BCAM18,2025-03,North American River Otter,0,19
BCAM18,2025-03,Northern Elephant Seal,0,19
BCAM18,2025-03,Northern Raccoon,0,19
BCAM18,2025-03,Striped Skunk,0,19
BCAM18,2025-03,Brush Rabbit,0,19
BCAM18,2025-03,Californian Sea Lion,0,19
BCAM18,2025-03,Domestic Cattle,0,19
BCAM18,2025-03,Elk,0,19
BCAM18,2025-03,Black-tailed Jackrabbit,0,19
BCAM19,2025-07,American Badger,0,31
BCAM19,2025-07,Bobcat,1,31
BCAM19,2025-07,Coyote,9,31
BCAM19,2025-07,Domestic Dog,0,31
BCAM19,2025-07,Human,0,31
BCAM19,2025-07,Human-Camera Trapper,0,31
BCAM19,2025-07,Mule Deer,0,31
BCAM19,2025-07,North American River Otter,0,31
BCAM19,2025-07,Northern Elephant Seal,0,31
BCAM19,2025-07,Northern Raccoon,0,31
BCAM19,2025-07,Striped Skunk,0,31
BCAM19,2025-07,Brush Rabbit,0,31
BCAM19,2025-07,Californian Sea Lion,0,31
BCAM19,2025-07,Domestic Cattle,0,31
BCAM19,2025-07,Elk,7,31
BCAM19,2025-07,Black-tailed Jackrabbit,0,31
BCAM19,2025-03,American Badger,0,18
BCAM19,2025-03,Bobcat,0,18
BCAM19,2025-03,Coyote,4,18
BCAM19,2025-03,Domestic Dog,0,18
BCAM19,2025-03,Human,1,18
BCAM19,2025-03,Human-Camera Trapper,1,18
BCAM19,2025-03,Mule Deer,0,18
BCAM19,2025-03,North American River Otter,0,18
BCAM19,2025-03,Northern Elephant Seal,0,18
BCAM19,2025-03,Northern Raccoon,0,18
BCAM19,2025-03,Striped Skunk,0,18
BCAM19,2025-03,Brush Rabbit,0,18
BCAM19,2025-03,Californian Sea Lion,0,18
BCAM19,2025-03,Domestic Cattle,0,18
BCAM19,2025-03,Elk,1,18
BCAM19,2025-03,Black-tailed Jackrabbit,0,18
BCAM19,2025-04,American Badger,0,30
BCAM19,2025-04,Bobcat,0,30
BCAM19,2025-04,Coyote,2,30
BCAM19,2025-04,Domestic Dog,0,30
BCAM19,2025-04,Human,0,30
BCAM19,2025-04,Human-Camera Trapper,2,30
BCAM19,2025-04,Mule Deer,0,30
BCAM19,2025-04,North American River Otter,0,30
BCAM19,2025-04,Northern Elephant Seal,0,30
BCAM19,2025-04,Northern Raccoon,0,30
BCAM19,2025-04,Striped Skunk,0,30
BCAM19,2025-04,Brush Rabbit,0,30
BCAM19,2025-04,Californian Sea Lion,0,30
BCAM19,2025-04,Domestic Cattle,0,30
BCAM19,2025-04,Elk,0,30
BCAM19,2025-04,Black-tailed Jackrabbit,0,30
BCAM19,2025-05,American Badger,0,31
BCAM19,2025-05,Bobcat,0,31
BCAM19,2025-05,Coyote,2,31
BCAM19,2025-05,Domestic Dog,0,31
BCAM19,2025-05,Human,0,31
BCAM19,2025-05,Human-Camera Trapper,0,31
BCAM19,2025-05,Mule Deer,1,31
BCAM19,2025-05,North American River Otter,0,31
BCAM19,2025-05,Northern Elephant Seal,0,31
BCAM19,2025-05,Northern Raccoon,0,31
BCAM19,2025-05,Striped Skunk,0,31
BCAM19,2025-05,Brush Rabbit,0,31
BCAM19,2025-05,Californian Sea Lion,0,31
BCAM19,2025-05,Domestic Cattle,0,31
BCAM19,2025-05,Elk,0,31
BCAM19,2025-05,Black-tailed Jackrabbit,0,31
BCAM19,2025-08,American Badger,0,31
BCAM19,2025-08,Bobcat,0,31
BCAM19,2025-08,Coyote,7,31
BCAM19,2025-08,Domestic Dog,0,31
BCAM19,2025-08,Human,0,31
BCAM19,2025-08,Human-Camera Trapper,2,31
BCAM19,2025-08,Mule Deer,0,31
BCAM19,2025-08,North American River Otter,0,31
BCAM19,2025-08,Northern Elephant Seal,0,31
BCAM19,2025-08,Northern Raccoon,0,31
BCAM19,2025-08,Striped Skunk,0,31
BCAM19,2025-08,Brush Rabbit,0,31
BCAM19,2025-08,Californian Sea Lion,0,31
BCAM19,2025-08,Domestic Cattle,0,31
BCAM19,2025-08,Elk,7,31
BCAM19,2025-08,Black-tailed Jackrabbit,0,31
BCAM19,2025-09,American Badger,0,30
BCAM19,2025-09,Bobcat,0,30
BCAM19,2025-09,Coyote,6,30
BCAM19,2025-09,Domestic Dog,0,30
BCAM19,2025-09,Human,0,30
BCAM19,2025-09,Human-Camera Trapper,2,30
BCAM19,2025-09,Mule Deer,0,30
BCAM19,2025-09,North American River Otter,0,30
BCAM19,2025-09,Northern Elephant Seal,0,30
BCAM19,2025-09,Northern Raccoon,0,30
BCAM19,2025-09,Striped Skunk,0,30
BCAM19,2025-09,Brush Rabbit,0,30
BCAM19,2025-09,Californian Sea Lion,0,30
BCAM19,2025-09,Domestic Cattle,0,30
BCAM19,2025-09,Elk,4,30
BCAM19,2025-09,Black-tailed Jackrabbit,0,30
BCAM19,2025-10,American Badger,0,31
BCAM19,2025-10,Bobcat,0,31
BCAM19,2025-10,Coyote,8,31
BCAM19,2025-10,Domestic Dog,0,31
BCAM19,2025-10,Human,0,31
BCAM19,2025-10,Human-Camera Trapper,2,31
BCAM19,2025-10,Mule Deer,0,31
BCAM19,2025-10,North American River Otter,0,31
BCAM19,2025-10,Northern Elephant Seal,0,31
BCAM19,2025-10,Northern Raccoon,1,31
BCAM19,2025-10,Striped Skunk,0,31
BCAM19,2025-10,Brush Rabbit,0,31
BCAM19,2025-10,Californian Sea Lion,0,31
BCAM19,2025-10,Domestic Cattle,0,31
BCAM19,2025-10,Elk,15,31
BCAM19,2025-10,Black-tailed Jackrabbit,0,31
BCAM19,2025-11,American Badger,0,30
BCAM19,2025-11,Bobcat,0,30
BCAM19,2025-11,Coyote,1,30
BCAM19,2025-11,Domestic Dog,0,30
BCAM19,2025-11,Human,0,30
BCAM19,2025-11,Human-Camera Trapper,0,30
BCAM19,2025-11,Mule Deer,0,30
BCAM19,2025-11,North American River Otter,0,30
BCAM19,2025-11,Northern Elephant Seal,0,30
BCAM19,2025-11,Northern Raccoon,0,30
BCAM19,2025-11,Striped Skunk,0,30
BCAM19,2025-11,Brush Rabbit,0,30
BCAM19,2025-11,Californian Sea Lion,0,30
BCAM19,2025-11,Domestic Cattle,0,30
BCAM19,2025-11,Elk,0,30
BCAM19,2025-11,Black-tailed Jackrabbit,0,30
BCAM19,2025-12,American Badger,0,31
BCAM19,2025-12,Bobcat,0,31
BCAM19,2025-12,Coyote,4,31
BCAM19,2025-12,Domestic Dog,0,31
BCAM19,2025-12,Human,0,31
BCAM19,2025-12,Human-Camera Trapper,2,31
BCAM19,2025-12,Mule Deer,0,31
BCAM19,2025-12,North American River Otter,0,31
BCAM19,2025-12,Northern Elephant Seal,0,31
BCAM19,2025-12,Northern Raccoon,2,31
BCAM19,2025-12,Striped Skunk,0,31
BCAM19,2025-12,Brush Rabbit,0,31
BCAM19,2025-12,Californian Sea Lion,0,31
BCAM19,2025-12,Domestic Cattle,0,31
BCAM19,2025-12,Elk,0,31
BCAM19,2025-12,Black-tailed Jackrabbit,0,31
BCAM19,2026-01,American Badger,0,31
BCAM19,2026-01,Bobcat,0,31
BCAM19,2026-01,Coyote,8,31
BCAM19,2026-01,Domestic Dog,0,31
BCAM19,2026-01,Human,0,31
BCAM19,2026-01,Human-Camera Trapper,2,31
BCAM19,2026-01,Mule Deer,0,31
BCAM19,2026-01,North American River Otter,0,31
BCAM19,2026-01,Northern Elephant Seal,0,31
BCAM19,2026-01,Northern Raccoon,0,31
BCAM19,2026-01,Striped Skunk,0,31
BCAM19,2026-01,Brush Rabbit,0,31
BCAM19,2026-01,Californian Sea Lion,0,31
BCAM19,2026-01,Domestic Cattle,0,31
BCAM19,2026-01,Elk,0,31
BCAM19,2026-01,Black-tailed Jackrabbit,0,31
BCAM19,2026-02,American Badger,0,28
BCAM19,2026-02,Bobcat,0,28
BCAM19,2026-02,Coyote,2,28
BCAM19,2026-02,Domestic Dog,0,28
BCAM19,2026-02,Human,1,28
BCAM19,2026-02,Human-Camera Trapper,2,28
BCAM19,2026-02,Mule Deer,1,28
BCAM19,2026-02,North American River Otter,0,28
BCAM19,2026-02,Northern Elephant Seal,0,28
BCAM19,2026-02,Northern Raccoon,0,28
BCAM19,2026-02,Striped Skunk,0,28
BCAM19,2026-02,Brush Rabbit,0,28
BCAM19,2026-02,Californian Sea Lion,0,28
BCAM19,2026-02,Domestic Cattle,0,28
BCAM19,2026-02,Elk,0,28
BCAM19,2026-02,Black-tailed Jackrabbit,0,28
BCAM19,2026-03,American Badger,0,31
BCAM19,2026-03,Bobcat,0,31
BCAM19,2026-03,Coyote,3,31
BCAM19,2026-03,Domestic Dog,0,31
BCAM19,2026-03,Human,0,31
BCAM19,2026-03,Human-Camera Trapper,0,31
BCAM19,2026-03,Mule Deer,0,31
BCAM19,2026-03,North American River Otter,0,31
BCAM19,2026-03,Northern Elephant Seal,0,31
BCAM19,2026-03,Northern Raccoon,0,31
BCAM19,2026-03,Striped Skunk,0,31
BCAM19,2026-03,Brush Rabbit,0,31
BCAM19,2026-03,Californian Sea Lion,0,31
BCAM19,2026-03,Domestic Cattle,0,31
BCAM19,2026-03,Elk,0,31
BCAM19,2026-03,Black-tailed Jackrabbit,0,31
BCAM19,2026-04,American Badger,0,30
BCAM19,2026-04,Bobcat,0,30
BCAM19,2026-04,Coyote,9,30
BCAM19,2026-04,Domestic Dog,0,30
BCAM19,2026-04,Human,0,30
BCAM19,2026-04,Human-Camera Trapper,2,30
BCAM19,2026-04,Mule Deer,0,30
BCAM19,2026-04,North American River Otter,0,30
BCAM19,2026-04,Northern Elephant Seal,0,30
BCAM19,2026-04,Northern Raccoon,0,30
BCAM19,2026-04,Striped Skunk,0,30
BCAM19,2026-04,Brush Rabbit,0,30
BCAM19,2026-04,Californian Sea Lion,0,30
BCAM19,2026-04,Domestic Cattle,0,30
BCAM19,2026-04,Elk,0,30
BCAM19,2026-04,Black-tailed Jackrabbit,0,30
BCAM19,2026-05,American Badger,0,31
BCAM19,2026-05,Bobcat,0,31
BCAM19,2026-05,Coyote,2,31
BCAM19,2026-05,Domestic Dog,0,31
BCAM19,2026-05,Human,0,31
BCAM19,2026-05,Human-Camera Trapper,1,31
BCAM19,2026-05,Mule Deer,0,31
BCAM19,2026-05,North American River Otter,0,31
BCAM19,2026-05,Northern Elephant Seal,0,31
BCAM19,2026-05,Northern Raccoon,0,31
BCAM19,2026-05,Striped Skunk,0,31
BCAM19,2026-05,Brush Rabbit,0,31
BCAM19,2026-05,Californian Sea Lion,0,31
BCAM19,2026-05,Domestic Cattle,0,31
BCAM19,2026-05,Elk,0,31
BCAM19,2026-05,Black-tailed Jackrabbit,0,31
BCAM19,2025-06,American Badger,0,30
BCAM19,2025-06,Bobcat,0,30
BCAM19,2025-06,Coyote,0,30
BCAM19,2025-06,Domestic Dog,0,30
BCAM19,2025-06,Human,0,30
BCAM19,2025-06,Human-Camera Trapper,2,30
BCAM19,2025-06,Mule Deer,0,30
BCAM19,2025-06,North American River Otter,0,30
BCAM19,2025-06,Northern Elephant Seal,0,30
BCAM19,2025-06,Northern Raccoon,0,30
BCAM19,2025-06,Striped Skunk,0,30
BCAM19,2025-06,Brush Rabbit,0,30
BCAM19,2025-06,Californian Sea Lion,0,30
BCAM19,2025-06,Domestic Cattle,0,30
BCAM19,2025-06,Elk,9,30
BCAM19,2025-06,Black-tailed Jackrabbit,0,30
BCAM2,2023-01,American Badger,0,31
BCAM2,2023-01,Bobcat,0,31
BCAM2,2023-01,Coyote,11,31
BCAM2,2023-01,Domestic Dog,0,31
BCAM2,2023-01,Human,2,31
BCAM2,2023-01,Human-Camera Trapper,0,31
BCAM2,2023-01,Mule Deer,0,31
BCAM2,2023-01,North American River Otter,0,31
BCAM2,2023-01,Northern Elephant Seal,0,31
BCAM2,2023-01,Northern Raccoon,1,31
BCAM2,2023-01,Striped Skunk,0,31
BCAM2,2023-01,Brush Rabbit,0,31
BCAM2,2023-01,Californian Sea Lion,0,31
BCAM2,2023-01,Domestic Cattle,0,31
BCAM2,2023-01,Elk,0,31
BCAM2,2023-01,Black-tailed Jackrabbit,0,31
BCAM2,2023-02,American Badger,0,28
BCAM2,2023-02,Bobcat,0,28
BCAM2,2023-02,Coyote,0,28
BCAM2,2023-02,Domestic Dog,0,28
BCAM2,2023-02,Human,1,28
BCAM2,2023-02,Human-Camera Trapper,0,28
BCAM2,2023-02,Mule Deer,0,28
BCAM2,2023-02,North American River Otter,0,28
BCAM2,2023-02,Northern Elephant Seal,0,28
BCAM2,2023-02,Northern Raccoon,0,28
BCAM2,2023-02,Striped Skunk,0,28
BCAM2,2023-02,Brush Rabbit,0,28
BCAM2,2023-02,Californian Sea Lion,0,28
BCAM2,2023-02,Domestic Cattle,0,28
BCAM2,2023-02,Elk,0,28
BCAM2,2023-02,Black-tailed Jackrabbit,0,28
BCAM2,2023-03,American Badger,0,13
BCAM2,2023-03,Bobcat,0,13
BCAM2,2023-03,Coyote,0,13
BCAM2,2023-03,Domestic Dog,0,13
BCAM2,2023-03,Human,1,13
BCAM2,2023-03,Human-Camera Trapper,0,13
BCAM2,2023-03,Mule Deer,0,13
BCAM2,2023-03,North American River Otter,0,13
BCAM2,2023-03,Northern Elephant Seal,1,13
BCAM2,2023-03,Northern Raccoon,0,13
BCAM2,2023-03,Striped Skunk,0,13
BCAM2,2023-03,Brush Rabbit,0,13
BCAM2,2023-03,Californian Sea Lion,0,13
BCAM2,2023-03,Domestic Cattle,0,13
BCAM2,2023-03,Elk,0,13
BCAM2,2023-03,Black-tailed Jackrabbit,0,13
BCAM2,2022-12,American Badger,0,11
BCAM2,2022-12,Bobcat,0,11
BCAM2,2022-12,Coyote,0,11
BCAM2,2022-12,Domestic Dog,0,11
BCAM2,2022-12,Human,0,11
BCAM2,2022-12,Human-Camera Trapper,1,11
BCAM2,2022-12,Mule Deer,0,11
BCAM2,2022-12,North American River Otter,0,11
BCAM2,2022-12,Northern Elephant Seal,0,11
BCAM2,2022-12,Northern Raccoon,0,11
BCAM2,2022-12,Striped Skunk,0,11
BCAM2,2022-12,Brush Rabbit,0,11
BCAM2,2022-12,Californian Sea Lion,0,11
BCAM2,2022-12,Domestic Cattle,0,11
BCAM2,2022-12,Elk,0,11
BCAM2,2022-12,Black-tailed Jackrabbit,0,11
BCAM20,2025-07,American Badger,0,31
BCAM20,2025-07,Bobcat,0,31
BCAM20,2025-07,Coyote,2,31
BCAM20,2025-07,Domestic Dog,0,31
BCAM20,2025-07,Human,0,31
BCAM20,2025-07,Human-Camera Trapper,0,31
BCAM20,2025-07,Mule Deer,0,31
BCAM20,2025-07,North American River Otter,0,31
BCAM20,2025-07,Northern Elephant Seal,0,31
BCAM20,2025-07,Northern Raccoon,0,31
BCAM20,2025-07,Striped Skunk,0,31
BCAM20,2025-07,Brush Rabbit,0,31
BCAM20,2025-07,Californian Sea Lion,0,31
BCAM20,2025-07,Domestic Cattle,0,31
BCAM20,2025-07,Elk,1,31
BCAM20,2025-07,Black-tailed Jackrabbit,1,31
BCAM20,2025-08,American Badger,0,31
BCAM20,2025-08,Bobcat,1,31
BCAM20,2025-08,Coyote,1,31
BCAM20,2025-08,Domestic Dog,0,31
BCAM20,2025-08,Human,0,31
BCAM20,2025-08,Human-Camera Trapper,2,31
BCAM20,2025-08,Mule Deer,0,31
BCAM20,2025-08,North American River Otter,0,31
BCAM20,2025-08,Northern Elephant Seal,0,31
BCAM20,2025-08,Northern Raccoon,0,31
BCAM20,2025-08,Striped Skunk,0,31
BCAM20,2025-08,Brush Rabbit,0,31
BCAM20,2025-08,Californian Sea Lion,0,31
BCAM20,2025-08,Domestic Cattle,0,31
BCAM20,2025-08,Elk,0,31
BCAM20,2025-08,Black-tailed Jackrabbit,0,31
BCAM20,2025-03,American Badger,0,18
BCAM20,2025-03,Bobcat,0,18
BCAM20,2025-03,Coyote,9,18
BCAM20,2025-03,Domestic Dog,0,18
BCAM20,2025-03,Human,0,18
BCAM20,2025-03,Human-Camera Trapper,1,18
BCAM20,2025-03,Mule Deer,0,18
BCAM20,2025-03,North American River Otter,0,18
BCAM20,2025-03,Northern Elephant Seal,0,18
BCAM20,2025-03,Northern Raccoon,0,18
BCAM20,2025-03,Striped Skunk,0,18
BCAM20,2025-03,Brush Rabbit,0,18
BCAM20,2025-03,Californian Sea Lion,0,18
BCAM20,2025-03,Domestic Cattle,0,18
BCAM20,2025-03,Elk,0,18
BCAM20,2025-03,Black-tailed Jackrabbit,0,18
BCAM20,2025-10,American Badger,0,31
BCAM20,2025-10,Bobcat,0,31
BCAM20,2025-10,Coyote,1,31
BCAM20,2025-10,Domestic Dog,0,31
BCAM20,2025-10,Human,1,31
BCAM20,2025-10,Human-Camera Trapper,2,31
BCAM20,2025-10,Mule Deer,0,31
BCAM20,2025-10,North American River Otter,0,31
BCAM20,2025-10,Northern Elephant Seal,0,31
BCAM20,2025-10,Northern Raccoon,0,31
BCAM20,2025-10,Striped Skunk,0,31
BCAM20,2025-10,Brush Rabbit,0,31
BCAM20,2025-10,Californian Sea Lion,0,31
BCAM20,2025-10,Domestic Cattle,0,31
BCAM20,2025-10,Elk,2,31
BCAM20,2025-10,Black-tailed Jackrabbit,0,31
BCAM20,2025-12,American Badger,0,31
BCAM20,2025-12,Bobcat,0,31
BCAM20,2025-12,Coyote,1,31
BCAM20,2025-12,Domestic Dog,0,31
BCAM20,2025-12,Human,0,31
BCAM20,2025-12,Human-Camera Trapper,2,31
BCAM20,2025-12,Mule Deer,0,31
BCAM20,2025-12,North American River Otter,0,31
BCAM20,2025-12,Northern Elephant Seal,0,31
BCAM20,2025-12,Northern Raccoon,1,31
BCAM20,2025-12,Striped Skunk,0,31
BCAM20,2025-12,Brush Rabbit,0,31
BCAM20,2025-12,Californian Sea Lion,0,31
BCAM20,2025-12,Domestic Cattle,1,31
BCAM20,2025-12,Elk,0,31
BCAM20,2025-12,Black-tailed Jackrabbit,0,31
BCAM20,2026-01,American Badger,0,31
BCAM20,2026-01,Bobcat,0,31
BCAM20,2026-01,Coyote,4,31
BCAM20,2026-01,Domestic Dog,0,31
BCAM20,2026-01,Human,0,31
BCAM20,2026-01,Human-Camera Trapper,2,31
BCAM20,2026-01,Mule Deer,0,31
BCAM20,2026-01,North American River Otter,0,31
BCAM20,2026-01,Northern Elephant Seal,0,31
BCAM20,2026-01,Northern Raccoon,0,31
BCAM20,2026-01,Striped Skunk,0,31
BCAM20,2026-01,Brush Rabbit,0,31
BCAM20,2026-01,Californian Sea Lion,0,31
BCAM20,2026-01,Domestic Cattle,0,31
BCAM20,2026-01,Elk,0,31
BCAM20,2026-01,Black-tailed Jackrabbit,0,31
BCAM20,2026-02,American Badger,0,28
BCAM20,2026-02,Bobcat,0,28
BCAM20,2026-02,Coyote,3,28
BCAM20,2026-02,Domestic Dog,0,28
BCAM20,2026-02,Human,0,28
BCAM20,2026-02,Human-Camera Trapper,2,28
BCAM20,2026-02,Mule Deer,0,28
BCAM20,2026-02,North American River Otter,0,28
BCAM20,2026-02,Northern Elephant Seal,0,28
BCAM20,2026-02,Northern Raccoon,1,28
BCAM20,2026-02,Striped Skunk,0,28
BCAM20,2026-02,Brush Rabbit,0,28
BCAM20,2026-02,Californian Sea Lion,0,28
BCAM20,2026-02,Domestic Cattle,0,28
BCAM20,2026-02,Elk,0,28
BCAM20,2026-02,Black-tailed Jackrabbit,0,28
BCAM20,2025-09,American Badger,0,30
BCAM20,2025-09,Bobcat,0,30
BCAM20,2025-09,Coyote,0,30
BCAM20,2025-09,Domestic Dog,0,30
BCAM20,2025-09,Human,0,30
BCAM20,2025-09,Human-Camera Trapper,2,30
BCAM20,2025-09,Mule Deer,0,30
BCAM20,2025-09,North American River Otter,0,30
BCAM20,2025-09,Northern Elephant Seal,0,30
BCAM20,2025-09,Northern Raccoon,0,30
BCAM20,2025-09,Striped Skunk,0,30
BCAM20,2025-09,Brush Rabbit,0,30
BCAM20,2025-09,Californian Sea Lion,0,30
BCAM20,2025-09,Domestic Cattle,6,30
BCAM20,2025-09,Elk,0,30
BCAM20,2025-09,Black-tailed Jackrabbit,0,30
BCAM20,2025-04,American Badger,0,30
BCAM20,2025-04,Bobcat,0,30
BCAM20,2025-04,Coyote,0,30
BCAM20,2025-04,Domestic Dog,0,30
BCAM20,2025-04,Human,0,30
BCAM20,2025-04,Human-Camera Trapper,2,30
BCAM20,2025-04,Mule Deer,0,30
BCAM20,2025-04,North American River Otter,0,30
BCAM20,2025-04,Northern Elephant Seal,0,30
BCAM20,2025-04,Northern Raccoon,0,30
BCAM20,2025-04,Striped Skunk,0,30
BCAM20,2025-04,Brush Rabbit,0,30
BCAM20,2025-04,Californian Sea Lion,0,30
BCAM20,2025-04,Domestic Cattle,0,30
BCAM20,2025-04,Elk,0,30
BCAM20,2025-04,Black-tailed Jackrabbit,0,30
BCAM20,2025-06,American Badger,0,30
BCAM20,2025-06,Bobcat,0,30
BCAM20,2025-06,Coyote,0,30
BCAM20,2025-06,Domestic Dog,0,30
BCAM20,2025-06,Human,0,30
BCAM20,2025-06,Human-Camera Trapper,4,30
BCAM20,2025-06,Mule Deer,0,30
BCAM20,2025-06,North American River Otter,0,30
BCAM20,2025-06,Northern Elephant Seal,0,30
BCAM20,2025-06,Northern Raccoon,0,30
BCAM20,2025-06,Striped Skunk,0,30
BCAM20,2025-06,Brush Rabbit,0,30
BCAM20,2025-06,Californian Sea Lion,0,30
BCAM20,2025-06,Domestic Cattle,0,30
BCAM20,2025-06,Elk,0,30
BCAM20,2025-06,Black-tailed Jackrabbit,0,30
BCAM20,2026-04,American Badger,0,30
BCAM20,2026-04,Bobcat,0,30
BCAM20,2026-04,Coyote,0,30
BCAM20,2026-04,Domestic Dog,0,30
BCAM20,2026-04,Human,0,30
BCAM20,2026-04,Human-Camera Trapper,2,30
BCAM20,2026-04,Mule Deer,0,30
BCAM20,2026-04,North American River Otter,0,30
BCAM20,2026-04,Northern Elephant Seal,0,30
BCAM20,2026-04,Northern Raccoon,0,30
BCAM20,2026-04,Striped Skunk,0,30
BCAM20,2026-04,Brush Rabbit,0,30
BCAM20,2026-04,Californian Sea Lion,0,30
BCAM20,2026-04,Domestic Cattle,0,30
BCAM20,2026-04,Elk,0,30
BCAM20,2026-04,Black-tailed Jackrabbit,0,30
BCAM20,2026-05,American Badger,0,31
BCAM20,2026-05,Bobcat,0,31
BCAM20,2026-05,Coyote,0,31
BCAM20,2026-05,Domestic Dog,0,31
BCAM20,2026-05,Human,0,31
BCAM20,2026-05,Human-Camera Trapper,1,31
BCAM20,2026-05,Mule Deer,0,31
BCAM20,2026-05,North American River Otter,0,31
BCAM20,2026-05,Northern Elephant Seal,0,31
BCAM20,2026-05,Northern Raccoon,0,31
BCAM20,2026-05,Striped Skunk,0,31
BCAM20,2026-05,Brush Rabbit,0,31
BCAM20,2026-05,Californian Sea Lion,0,31
BCAM20,2026-05,Domestic Cattle,0,31
BCAM20,2026-05,Elk,0,31
BCAM20,2026-05,Black-tailed Jackrabbit,0,31
BCAM21,2025-07,American Badger,0,31
BCAM21,2025-07,Bobcat,0,31
BCAM21,2025-07,Coyote,51,31
BCAM21,2025-07,Domestic Dog,0,31
BCAM21,2025-07,Human,0,31
BCAM21,2025-07,Human-Camera Trapper,0,31
BCAM21,2025-07,Mule Deer,1,31
BCAM21,2025-07,North American River Otter,0,31
BCAM21,2025-07,Northern Elephant Seal,0,31
BCAM21,2025-07,Northern Raccoon,0,31
BCAM21,2025-07,Striped Skunk,0,31
BCAM21,2025-07,Brush Rabbit,0,31
BCAM21,2025-07,Californian Sea Lion,0,31
BCAM21,2025-07,Domestic Cattle,0,31
BCAM21,2025-07,Elk,1,31
BCAM21,2025-07,Black-tailed Jackrabbit,1,31
BCAM21,2026-03,American Badger,0,31
BCAM21,2026-03,Bobcat,0,31
BCAM21,2026-03,Coyote,21,31
BCAM21,2026-03,Domestic Dog,0,31
BCAM21,2026-03,Human,0,31
BCAM21,2026-03,Human-Camera Trapper,0,31
BCAM21,2026-03,Mule Deer,4,31
BCAM21,2026-03,North American River Otter,0,31
BCAM21,2026-03,Northern Elephant Seal,0,31
BCAM21,2026-03,Northern Raccoon,0,31
BCAM21,2026-03,Striped Skunk,0,31
BCAM21,2026-03,Brush Rabbit,0,31
BCAM21,2026-03,Californian Sea Lion,0,31
BCAM21,2026-03,Domestic Cattle,0,31
BCAM21,2026-03,Elk,0,31
BCAM21,2026-03,Black-tailed Jackrabbit,3,31
BCAM21,2026-04,American Badger,0,30
BCAM21,2026-04,Bobcat,0,30
BCAM21,2026-04,Coyote,13,30
BCAM21,2026-04,Domestic Dog,0,30
BCAM21,2026-04,Human,1,30
BCAM21,2026-04,Human-Camera Trapper,2,30
BCAM21,2026-04,Mule Deer,2,30
BCAM21,2026-04,North American River Otter,0,30
BCAM21,2026-04,Northern Elephant Seal,0,30
BCAM21,2026-04,Northern Raccoon,0,30
BCAM21,2026-04,Striped Skunk,0,30
BCAM21,2026-04,Brush Rabbit,0,30
BCAM21,2026-04,Californian Sea Lion,0,30
BCAM21,2026-04,Domestic Cattle,0,30
BCAM21,2026-04,Elk,0,30
BCAM21,2026-04,Black-tailed Jackrabbit,2,30
BCAM21,2026-05,American Badger,0,31
BCAM21,2026-05,Bobcat,3,31
BCAM21,2026-05,Coyote,15,31
BCAM21,2026-05,Domestic Dog,0,31
BCAM21,2026-05,Human,0,31
BCAM21,2026-05,Human-Camera Trapper,1,31
BCAM21,2026-05,Mule Deer,3,31
BCAM21,2026-05,North American River Otter,0,31
BCAM21,2026-05,Northern Elephant Seal,0,31
BCAM21,2026-05,Northern Raccoon,0,31
BCAM21,2026-05,Striped Skunk,0,31
BCAM21,2026-05,Brush Rabbit,0,31
BCAM21,2026-05,Californian Sea Lion,0,31
BCAM21,2026-05,Domestic Cattle,0,31
BCAM21,2026-05,Elk,0,31
BCAM21,2026-05,Black-tailed Jackrabbit,2,31
BCAM21,2025-03,American Badger,0,18
BCAM21,2025-03,Bobcat,1,18
BCAM21,2025-03,Coyote,25,18
BCAM21,2025-03,Domestic Dog,0,18
BCAM21,2025-03,Human,0,18
BCAM21,2025-03,Human-Camera Trapper,1,18
BCAM21,2025-03,Mule Deer,1,18
BCAM21,2025-03,North American River Otter,0,18
BCAM21,2025-03,Northern Elephant Seal,0,18
BCAM21,2025-03,Northern Raccoon,0,18
BCAM21,2025-03,Striped Skunk,0,18
BCAM21,2025-03,Brush Rabbit,0,18
BCAM21,2025-03,Californian Sea Lion,0,18
BCAM21,2025-03,Domestic Cattle,0,18
BCAM21,2025-03,Elk,0,18
BCAM21,2025-03,Black-tailed Jackrabbit,0,18
BCAM21,2025-04,American Badger,0,30
BCAM21,2025-04,Bobcat,2,30
BCAM21,2025-04,Coyote,28,30
BCAM21,2025-04,Domestic Dog,0,30
BCAM21,2025-04,Human,0,30
BCAM21,2025-04,Human-Camera Trapper,2,30
BCAM21,2025-04,Mule Deer,2,30
BCAM21,2025-04,North American River Otter,0,30
BCAM21,2025-04,Northern Elephant Seal,0,30
BCAM21,2025-04,Northern Raccoon,0,30
BCAM21,2025-04,Striped Skunk,0,30
BCAM21,2025-04,Brush Rabbit,0,30
BCAM21,2025-04,Californian Sea Lion,0,30
BCAM21,2025-04,Domestic Cattle,0,30
BCAM21,2025-04,Elk,0,30
BCAM21,2025-04,Black-tailed Jackrabbit,0,30
BCAM21,2025-05,American Badger,0,31
BCAM21,2025-05,Bobcat,2,31
BCAM21,2025-05,Coyote,16,31
BCAM21,2025-05,Domestic Dog,0,31
BCAM21,2025-05,Human,0,31
BCAM21,2025-05,Human-Camera Trapper,0,31
BCAM21,2025-05,Mule Deer,1,31
BCAM21,2025-05,North American River Otter,0,31
BCAM21,2025-05,Northern Elephant Seal,0,31
BCAM21,2025-05,Northern Raccoon,1,31
BCAM21,2025-05,Striped Skunk,0,31
BCAM21,2025-05,Brush Rabbit,0,31
BCAM21,2025-05,Californian Sea Lion,0,31
BCAM21,2025-05,Domestic Cattle,0,31
BCAM21,2025-05,Elk,0,31
BCAM21,2025-05,Black-tailed Jackrabbit,0,31
BCAM21,2025-08,American Badger,0,31
BCAM21,2025-08,Bobcat,2,31
BCAM21,2025-08,Coyote,21,31
BCAM21,2025-08,Domestic Dog,0,31
BCAM21,2025-08,Human,0,31
BCAM21,2025-08,Human-Camera Trapper,2,31
BCAM21,2025-08,Mule Deer,0,31
BCAM21,2025-08,North American River Otter,0,31
BCAM21,2025-08,Northern Elephant Seal,0,31
BCAM21,2025-08,Northern Raccoon,0,31
BCAM21,2025-08,Striped Skunk,0,31
BCAM21,2025-08,Brush Rabbit,0,31
BCAM21,2025-08,Californian Sea Lion,0,31
BCAM21,2025-08,Domestic Cattle,0,31
BCAM21,2025-08,Elk,0,31
BCAM21,2025-08,Black-tailed Jackrabbit,0,31
BCAM21,2025-09,American Badger,0,30
BCAM21,2025-09,Bobcat,4,30
BCAM21,2025-09,Coyote,14,30
BCAM21,2025-09,Domestic Dog,0,30
BCAM21,2025-09,Human,0,30
BCAM21,2025-09,Human-Camera Trapper,2,30
BCAM21,2025-09,Mule Deer,1,30
BCAM21,2025-09,North American River Otter,0,30
BCAM21,2025-09,Northern Elephant Seal,0,30
BCAM21,2025-09,Northern Raccoon,2,30
BCAM21,2025-09,Striped Skunk,0,30
BCAM21,2025-09,Brush Rabbit,0,30
BCAM21,2025-09,Californian Sea Lion,0,30
BCAM21,2025-09,Domestic Cattle,0,30
BCAM21,2025-09,Elk,0,30
BCAM21,2025-09,Black-tailed Jackrabbit,0,30
BCAM21,2025-10,American Badger,0,31
BCAM21,2025-10,Bobcat,4,31
BCAM21,2025-10,Coyote,23,31
BCAM21,2025-10,Domestic Dog,0,31
BCAM21,2025-10,Human,0,31
BCAM21,2025-10,Human-Camera Trapper,2,31
BCAM21,2025-10,Mule Deer,2,31
BCAM21,2025-10,North American River Otter,0,31
BCAM21,2025-10,Northern Elephant Seal,0,31
BCAM21,2025-10,Northern Raccoon,1,31
BCAM21,2025-10,Striped Skunk,1,31
BCAM21,2025-10,Brush Rabbit,0,31
BCAM21,2025-10,Californian Sea Lion,0,31
BCAM21,2025-10,Domestic Cattle,0,31
BCAM21,2025-10,Elk,0,31
BCAM21,2025-10,Black-tailed Jackrabbit,0,31
BCAM21,2025-12,American Badger,0,31
BCAM21,2025-12,Bobcat,1,31
BCAM21,2025-12,Coyote,32,31
BCAM21,2025-12,Domestic Dog,0,31
BCAM21,2025-12,Human,0,31
BCAM21,2025-12,Human-Camera Trapper,2,31
BCAM21,2025-12,Mule Deer,0,31
BCAM21,2025-12,North American River Otter,0,31
BCAM21,2025-12,Northern Elephant Seal,0,31
BCAM21,2025-12,Northern Raccoon,5,31
BCAM21,2025-12,Striped Skunk,0,31
BCAM21,2025-12,Brush Rabbit,0,31
BCAM21,2025-12,Californian Sea Lion,0,31
BCAM21,2025-12,Domestic Cattle,0,31
BCAM21,2025-12,Elk,1,31
BCAM21,2025-12,Black-tailed Jackrabbit,0,31
BCAM21,2026-01,American Badger,0,31
BCAM21,2026-01,Bobcat,1,31
BCAM21,2026-01,Coyote,23,31
BCAM21,2026-01,Domestic Dog,0,31
BCAM21,2026-01,Human,0,31
BCAM21,2026-01,Human-Camera Trapper,2,31
BCAM21,2026-01,Mule Deer,0,31
BCAM21,2026-01,North American River Otter,0,31
BCAM21,2026-01,Northern Elephant Seal,0,31
BCAM21,2026-01,Northern Raccoon,1,31
BCAM21,2026-01,Striped Skunk,0,31
BCAM21,2026-01,Brush Rabbit,0,31
BCAM21,2026-01,Californian Sea Lion,0,31
BCAM21,2026-01,Domestic Cattle,0,31
BCAM21,2026-01,Elk,0,31
BCAM21,2026-01,Black-tailed Jackrabbit,0,31
BCAM21,2025-06,American Badger,0,30
BCAM21,2025-06,Bobcat,0,30
BCAM21,2025-06,Coyote,17,30
BCAM21,2025-06,Domestic Dog,0,30
BCAM21,2025-06,Human,0,30
BCAM21,2025-06,Human-Camera Trapper,4,30
BCAM21,2025-06,Mule Deer,0,30
BCAM21,2025-06,North American River Otter,0,30
BCAM21,2025-06,Northern Elephant Seal,0,30
BCAM21,2025-06,Northern Raccoon,0,30
BCAM21,2025-06,Striped Skunk,0,30
BCAM21,2025-06,Brush Rabbit,0,30
BCAM21,2025-06,Californian Sea Lion,0,30
BCAM21,2025-06,Domestic Cattle,1,30
BCAM21,2025-06,Elk,1,30
BCAM21,2025-06,Black-tailed Jackrabbit,0,30
BCAM21,2025-11,American Badger,0,30
BCAM21,2025-11,Bobcat,0,30
BCAM21,2025-11,Coyote,11,30
BCAM21,2025-11,Domestic Dog,0,30
BCAM21,2025-11,Human,0,30
BCAM21,2025-11,Human-Camera Trapper,0,30
BCAM21,2025-11,Mule Deer,0,30
BCAM21,2025-11,North American River Otter,0,30
BCAM21,2025-11,Northern Elephant Seal,0,30
BCAM21,2025-11,Northern Raccoon,0,30
BCAM21,2025-11,Striped Skunk,1,30
BCAM21,2025-11,Brush Rabbit,0,30
BCAM21,2025-11,Californian Sea Lion,0,30
BCAM21,2025-11,Domestic Cattle,0,30
BCAM21,2025-11,Elk,0,30
BCAM21,2025-11,Black-tailed Jackrabbit,0,30
BCAM21,2026-02,American Badger,0,28
BCAM21,2026-02,Bobcat,0,28
BCAM21,2026-02,Coyote,14,28
BCAM21,2026-02,Domestic Dog,0,28
BCAM21,2026-02,Human,0,28
BCAM21,2026-02,Human-Camera Trapper,2,28
BCAM21,2026-02,Mule Deer,1,28
BCAM21,2026-02,North American River Otter,0,28
BCAM21,2026-02,Northern Elephant Seal,0,28
BCAM21,2026-02,Northern Raccoon,0,28
BCAM21,2026-02,Striped Skunk,1,28
BCAM21,2026-02,Brush Rabbit,0,28
BCAM21,2026-02,Californian Sea Lion,0,28
BCAM21,2026-02,Domestic Cattle,0,28
BCAM21,2026-02,Elk,0,28
BCAM21,2026-02,Black-tailed Jackrabbit,0,28
BCAM22,2025-09,American Badger,0,30
BCAM22,2025-09,Bobcat,1,30
BCAM22,2025-09,Coyote,2,30
BCAM22,2025-09,Domestic Dog,0,30
BCAM22,2025-09,Human,0,30
BCAM22,2025-09,Human-Camera Trapper,2,30
BCAM22,2025-09,Mule Deer,2,30
BCAM22,2025-09,North American River Otter,0,30
BCAM22,2025-09,Northern Elephant Seal,0,30
BCAM22,2025-09,Northern Raccoon,0,30
BCAM22,2025-09,Striped Skunk,0,30
BCAM22,2025-09,Brush Rabbit,0,30
BCAM22,2025-09,Californian Sea Lion,0,30
BCAM22,2025-09,Domestic Cattle,0,30
BCAM22,2025-09,Elk,11,30
BCAM22,2025-09,Black-tailed Jackrabbit,0,30
BCAM22,2025-10,American Badger,0,31
BCAM22,2025-10,Bobcat,1,31
BCAM22,2025-10,Coyote,2,31
BCAM22,2025-10,Domestic Dog,0,31
BCAM22,2025-10,Human,2,31
BCAM22,2025-10,Human-Camera Trapper,2,31
BCAM22,2025-10,Mule Deer,1,31
BCAM22,2025-10,North American River Otter,1,31
BCAM22,2025-10,Northern Elephant Seal,0,31
BCAM22,2025-10,Northern Raccoon,0,31
BCAM22,2025-10,Striped Skunk,0,31
BCAM22,2025-10,Brush Rabbit,0,31
BCAM22,2025-10,Californian Sea Lion,0,31
BCAM22,2025-10,Domestic Cattle,0,31
BCAM22,2025-10,Elk,3,31
BCAM22,2025-10,Black-tailed Jackrabbit,0,31
BCAM22,2025-12,American Badger,0,31
BCAM22,2025-12,Bobcat,1,31
BCAM22,2025-12,Coyote,2,31
BCAM22,2025-12,Domestic Dog,0,31
BCAM22,2025-12,Human,0,31
BCAM22,2025-12,Human-Camera Trapper,2,31
BCAM22,2025-12,Mule Deer,0,31
BCAM22,2025-12,North American River Otter,0,31
BCAM22,2025-12,Northern Elephant Seal,0,31
BCAM22,2025-12,Northern Raccoon,0,31
BCAM22,2025-12,Striped Skunk,0,31
BCAM22,2025-12,Brush Rabbit,0,31
BCAM22,2025-12,Californian Sea Lion,0,31
BCAM22,2025-12,Domestic Cattle,0,31
BCAM22,2025-12,Elk,0,31
BCAM22,2025-12,Black-tailed Jackrabbit,0,31
BCAM22,2026-01,American Badger,0,31
BCAM22,2026-01,Bobcat,2,31
BCAM22,2026-01,Coyote,2,31
BCAM22,2026-01,Domestic Dog,0,31
BCAM22,2026-01,Human,2,31
BCAM22,2026-01,Human-Camera Trapper,2,31
BCAM22,2026-01,Mule Deer,0,31
BCAM22,2026-01,North American River Otter,0,31
BCAM22,2026-01,Northern Elephant Seal,0,31
BCAM22,2026-01,Northern Raccoon,0,31
BCAM22,2026-01,Striped Skunk,0,31
BCAM22,2026-01,Brush Rabbit,0,31
BCAM22,2026-01,Californian Sea Lion,0,31
BCAM22,2026-01,Domestic Cattle,0,31
BCAM22,2026-01,Elk,0,31
BCAM22,2026-01,Black-tailed Jackrabbit,0,31
BCAM22,2025-01,American Badger,0,31
BCAM22,2025-01,Bobcat,0,31
BCAM22,2025-01,Coyote,10,31
BCAM22,2025-01,Domestic Dog,0,31
BCAM22,2025-01,Human,0,31
BCAM22,2025-01,Human-Camera Trapper,2,31
BCAM22,2025-01,Mule Deer,0,31
BCAM22,2025-01,North American River Otter,0,31
BCAM22,2025-01,Northern Elephant Seal,5,31
BCAM22,2025-01,Northern Raccoon,0,31
BCAM22,2025-01,Striped Skunk,0,31
BCAM22,2025-01,Brush Rabbit,0,31
BCAM22,2025-01,Californian Sea Lion,0,31
BCAM22,2025-01,Domestic Cattle,0,31
BCAM22,2025-01,Elk,0,31
BCAM22,2025-01,Black-tailed Jackrabbit,0,31
BCAM22,2025-02,American Badger,0,28
BCAM22,2025-02,Bobcat,0,28
BCAM22,2025-02,Coyote,9,28
BCAM22,2025-02,Domestic Dog,0,28
BCAM22,2025-02,Human,0,28
BCAM22,2025-02,Human-Camera Trapper,4,28
BCAM22,2025-02,Mule Deer,0,28
BCAM22,2025-02,North American River Otter,0,28
BCAM22,2025-02,Northern Elephant Seal,1,28
BCAM22,2025-02,Northern Raccoon,1,28
BCAM22,2025-02,Striped Skunk,0,28
BCAM22,2025-02,Brush Rabbit,0,28
BCAM22,2025-02,Californian Sea Lion,0,28
BCAM22,2025-02,Domestic Cattle,0,28
BCAM22,2025-02,Elk,0,28
BCAM22,2025-02,Black-tailed Jackrabbit,0,28
BCAM22,2025-03,American Badger,0,31
BCAM22,2025-03,Bobcat,0,31
BCAM22,2025-03,Coyote,2,31
BCAM22,2025-03,Domestic Dog,0,31
BCAM22,2025-03,Human,0,31
BCAM22,2025-03,Human-Camera Trapper,1,31
BCAM22,2025-03,Mule Deer,1,31
BCAM22,2025-03,North American River Otter,0,31
BCAM22,2025-03,Northern Elephant Seal,0,31
BCAM22,2025-03,Northern Raccoon,0,31
BCAM22,2025-03,Striped Skunk,0,31
BCAM22,2025-03,Brush Rabbit,0,31
BCAM22,2025-03,Californian Sea Lion,0,31
BCAM22,2025-03,Domestic Cattle,0,31
BCAM22,2025-03,Elk,0,31
BCAM22,2025-03,Black-tailed Jackrabbit,0,31
BCAM22,2025-06,American Badger,0,30
BCAM22,2025-06,Bobcat,0,30
BCAM22,2025-06,Coyote,3,30
BCAM22,2025-06,Domestic Dog,0,30
BCAM22,2025-06,Human,0,30
BCAM22,2025-06,Human-Camera Trapper,3,30
BCAM22,2025-06,Mule Deer,2,30
BCAM22,2025-06,North American River Otter,0,30
BCAM22,2025-06,Northern Elephant Seal,0,30
BCAM22,2025-06,Northern Raccoon,0,30
BCAM22,2025-06,Striped Skunk,0,30
BCAM22,2025-06,Brush Rabbit,0,30
BCAM22,2025-06,Californian Sea Lion,0,30
BCAM22,2025-06,Domestic Cattle,0,30
BCAM22,2025-06,Elk,0,30
BCAM22,2025-06,Black-tailed Jackrabbit,0,30
BCAM22,2025-07,American Badger,0,31
BCAM22,2025-07,Bobcat,0,31
BCAM22,2025-07,Coyote,12,31
BCAM22,2025-07,Domestic Dog,0,31
BCAM22,2025-07,Human,0,31
BCAM22,2025-07,Human-Camera Trapper,0,31
BCAM22,2025-07,Mule Deer,0,31
BCAM22,2025-07,North American River Otter,0,31
BCAM22,2025-07,Northern Elephant Seal,0,31
BCAM22,2025-07,Northern Raccoon,0,31
BCAM22,2025-07,Striped Skunk,0,31
BCAM22,2025-07,Brush Rabbit,0,31
BCAM22,2025-07,Californian Sea Lion,0,31
BCAM22,2025-07,Domestic Cattle,0,31
BCAM22,2025-07,Elk,4,31
BCAM22,2025-07,Black-tailed Jackrabbit,0,31
BCAM22,2025-08,American Badger,0,31
BCAM22,2025-08,Bobcat,0,31
BCAM22,2025-08,Coyote,9,31
BCAM22,2025-08,Domestic Dog,0,31
BCAM22,2025-08,Human,1,31
BCAM22,2025-08,Human-Camera Trapper,2,31
BCAM22,2025-08,Mule Deer,0,31
BCAM22,2025-08,North American River Otter,0,31
BCAM22,2025-08,Northern Elephant Seal,0,31
BCAM22,2025-08,Northern Raccoon,0,31
BCAM22,2025-08,Striped Skunk,0,31
BCAM22,2025-08,Brush Rabbit,0,31
BCAM22,2025-08,Californian Sea Lion,0,31
BCAM22,2025-08,Domestic Cattle,0,31
BCAM22,2025-08,Elk,6,31
BCAM22,2025-08,Black-tailed Jackrabbit,0,31
BCAM22,2026-02,American Badger,0,28
BCAM22,2026-02,Bobcat,0,28
BCAM22,2026-02,Coyote,2,28
BCAM22,2026-02,Domestic Dog,0,28
BCAM22,2026-02,Human,0,28
BCAM22,2026-02,Human-Camera Trapper,2,28
BCAM22,2026-02,Mule Deer,2,28
BCAM22,2026-02,North American River Otter,0,28
BCAM22,2026-02,Northern Elephant Seal,1,28
BCAM22,2026-02,Northern Raccoon,0,28
BCAM22,2026-02,Striped Skunk,0,28
BCAM22,2026-02,Brush Rabbit,0,28
BCAM22,2026-02,Californian Sea Lion,0,28
BCAM22,2026-02,Domestic Cattle,0,28
BCAM22,2026-02,Elk,0,28
BCAM22,2026-02,Black-tailed Jackrabbit,0,28
BCAM22,2026-04,American Badger,0,30
BCAM22,2026-04,Bobcat,0,30
BCAM22,2026-04,Coyote,2,30
BCAM22,2026-04,Domestic Dog,0,30
BCAM22,2026-04,Human,1,30
BCAM22,2026-04,Human-Camera Trapper,2,30
BCAM22,2026-04,Mule Deer,3,30
BCAM22,2026-04,North American River Otter,0,30
BCAM22,2026-04,Northern Elephant Seal,0,30
BCAM22,2026-04,Northern Raccoon,0,30
BCAM22,2026-04,Striped Skunk,0,30
BCAM22,2026-04,Brush Rabbit,0,30
BCAM22,2026-04,Californian Sea Lion,0,30
BCAM22,2026-04,Domestic Cattle,0,30
BCAM22,2026-04,Elk,0,30
BCAM22,2026-04,Black-tailed Jackrabbit,0,30
BCAM22,2026-05,American Badger,0,31
BCAM22,2026-05,Bobcat,0,31
BCAM22,2026-05,Coyote,1,31
BCAM22,2026-05,Domestic Dog,0,31
BCAM22,2026-05,Human,0,31
BCAM22,2026-05,Human-Camera Trapper,1,31
BCAM22,2026-05,Mule Deer,1,31
BCAM22,2026-05,North American River Otter,0,31
BCAM22,2026-05,Northern Elephant Seal,0,31
BCAM22,2026-05,Northern Raccoon,0,31
BCAM22,2026-05,Striped Skunk,0,31
BCAM22,2026-05,Brush Rabbit,0,31
BCAM22,2026-05,Californian Sea Lion,0,31
BCAM22,2026-05,Domestic Cattle,0,31
BCAM22,2026-05,Elk,0,31
BCAM22,2026-05,Black-tailed Jackrabbit,0,31
BCAM22,2026-03,American Badger,0,31
BCAM22,2026-03,Bobcat,0,31
BCAM22,2026-03,Coyote,0,31
BCAM22,2026-03,Domestic Dog,1,31
BCAM22,2026-03,Human,1,31
BCAM22,2026-03,Human-Camera Trapper,0,31
BCAM22,2026-03,Mule Deer,1,31
BCAM22,2026-03,North American River Otter,0,31
BCAM22,2026-03,Northern Elephant Seal,0,31
BCAM22,2026-03,Northern Raccoon,0,31
BCAM22,2026-03,Striped Skunk,0,31
BCAM22,2026-03,Brush Rabbit,0,31
BCAM22,2026-03,Californian Sea Lion,0,31
BCAM22,2026-03,Domestic Cattle,0,31
BCAM22,2026-03,Elk,0,31
BCAM22,2026-03,Black-tailed Jackrabbit,0,31
BCAM22,2025-04,American Badger,0,30
BCAM22,2025-04,Bobcat,0,30
BCAM22,2025-04,Coyote,0,30
BCAM22,2025-04,Domestic Dog,0,30
BCAM22,2025-04,Human,1,30
BCAM22,2025-04,Human-Camera Trapper,1,30
BCAM22,2025-04,Mule Deer,1,30
BCAM22,2025-04,North American River Otter,0,30
BCAM22,2025-04,Northern Elephant Seal,0,30
BCAM22,2025-04,Northern Raccoon,0,30
BCAM22,2025-04,Striped Skunk,0,30
BCAM22,2025-04,Brush Rabbit,0,30
BCAM22,2025-04,Californian Sea Lion,0,30
BCAM22,2025-04,Domestic Cattle,0,30
BCAM22,2025-04,Elk,0,30
BCAM22,2025-04,Black-tailed Jackrabbit,0,30
BCAM22,2025-11,American Badger,0,30
BCAM22,2025-11,Bobcat,0,30
BCAM22,2025-11,Coyote,0,30
BCAM22,2025-11,Domestic Dog,0,30
BCAM22,2025-11,Human,1,30
BCAM22,2025-11,Human-Camera Trapper,0,30
BCAM22,2025-11,Mule Deer,0,30
BCAM22,2025-11,North American River Otter,0,30
BCAM22,2025-11,Northern Elephant Seal,0,30
BCAM22,2025-11,Northern Raccoon,0,30
BCAM22,2025-11,Striped Skunk,0,30
BCAM22,2025-11,Brush Rabbit,0,30
BCAM22,2025-11,Californian Sea Lion,0,30
BCAM22,2025-11,Domestic Cattle,0,30
BCAM22,2025-11,Elk,0,30
BCAM22,2025-11,Black-tailed Jackrabbit,0,30
BCAM22,2024-12,American Badger,0,12
BCAM22,2024-12,Bobcat,0,12
BCAM22,2024-12,Coyote,0,12
BCAM22,2024-12,Domestic Dog,0,12
BCAM22,2024-12,Human,0,12
BCAM22,2024-12,Human-Camera Trapper,1,12
BCAM22,2024-12,Mule Deer,0,12
BCAM22,2024-12,North American River Otter,0,12
BCAM22,2024-12,Northern Elephant Seal,7,12
BCAM22,2024-12,Northern Raccoon,0,12
BCAM22,2024-12,Striped Skunk,0,12
BCAM22,2024-12,Brush Rabbit,0,12
BCAM22,2024-12,Californian Sea Lion,0,12
BCAM22,2024-12,Domestic Cattle,0,12
BCAM22,2024-12,Elk,0,12
BCAM22,2024-12,Black-tailed Jackrabbit,0,12
BCAM23,2026-03,American Badger,2,31
BCAM23,2026-03,Bobcat,0,31
BCAM23,2026-03,Coyote,8,31
BCAM23,2026-03,Domestic Dog,0,31
BCAM23,2026-03,Human,0,31
BCAM23,2026-03,Human-Camera Trapper,0,31
BCAM23,2026-03,Mule Deer,0,31
BCAM23,2026-03,North American River Otter,0,31
BCAM23,2026-03,Northern Elephant Seal,0,31
BCAM23,2026-03,Northern Raccoon,0,31
BCAM23,2026-03,Striped Skunk,0,31
BCAM23,2026-03,Brush Rabbit,0,31
BCAM23,2026-03,Californian Sea Lion,0,31
BCAM23,2026-03,Domestic Cattle,0,31
BCAM23,2026-03,Elk,0,31
BCAM23,2026-03,Black-tailed Jackrabbit,0,31
BCAM23,2025-01,American Badger,0,31
BCAM23,2025-01,Bobcat,0,31
BCAM23,2025-01,Coyote,3,31
BCAM23,2025-01,Domestic Dog,0,31
BCAM23,2025-01,Human,1,31
BCAM23,2025-01,Human-Camera Trapper,2,31
BCAM23,2025-01,Mule Deer,0,31
BCAM23,2025-01,North American River Otter,0,31
BCAM23,2025-01,Northern Elephant Seal,0,31
BCAM23,2025-01,Northern Raccoon,0,31
BCAM23,2025-01,Striped Skunk,0,31
BCAM23,2025-01,Brush Rabbit,0,31
BCAM23,2025-01,Californian Sea Lion,0,31
BCAM23,2025-01,Domestic Cattle,0,31
BCAM23,2025-01,Elk,0,31
BCAM23,2025-01,Black-tailed Jackrabbit,0,31
BCAM23,2025-03,American Badger,0,31
BCAM23,2025-03,Bobcat,0,31
BCAM23,2025-03,Coyote,3,31
BCAM23,2025-03,Domestic Dog,0,31
BCAM23,2025-03,Human,0,31
BCAM23,2025-03,Human-Camera Trapper,2,31
BCAM23,2025-03,Mule Deer,0,31
BCAM23,2025-03,North American River Otter,0,31
BCAM23,2025-03,Northern Elephant Seal,1,31
BCAM23,2025-03,Northern Raccoon,1,31
BCAM23,2025-03,Striped Skunk,0,31
BCAM23,2025-03,Brush Rabbit,0,31
BCAM23,2025-03,Californian Sea Lion,0,31
BCAM23,2025-03,Domestic Cattle,0,31
BCAM23,2025-03,Elk,0,31
BCAM23,2025-03,Black-tailed Jackrabbit,0,31
BCAM23,2025-04,American Badger,0,30
BCAM23,2025-04,Bobcat,0,30
BCAM23,2025-04,Coyote,5,30
BCAM23,2025-04,Domestic Dog,0,30
BCAM23,2025-04,Human,1,30
BCAM23,2025-04,Human-Camera Trapper,1,30
BCAM23,2025-04,Mule Deer,0,30
BCAM23,2025-04,North American River Otter,0,30
BCAM23,2025-04,Northern Elephant Seal,0,30
BCAM23,2025-04,Northern Raccoon,1,30
BCAM23,2025-04,Striped Skunk,0,30
BCAM23,2025-04,Brush Rabbit,0,30
BCAM23,2025-04,Californian Sea Lion,0,30
BCAM23,2025-04,Domestic Cattle,0,30
BCAM23,2025-04,Elk,0,30
BCAM23,2025-04,Black-tailed Jackrabbit,0,30
BCAM23,2025-05,American Badger,0,31
BCAM23,2025-05,Bobcat,0,31
BCAM23,2025-05,Coyote,4,31
BCAM23,2025-05,Domestic Dog,0,31
BCAM23,2025-05,Human,0,31
BCAM23,2025-05,Human-Camera Trapper,0,31
BCAM23,2025-05,Mule Deer,0,31
BCAM23,2025-05,North American River Otter,0,31
BCAM23,2025-05,Northern Elephant Seal,0,31
BCAM23,2025-05,Northern Raccoon,1,31
BCAM23,2025-05,Striped Skunk,0,31
BCAM23,2025-05,Brush Rabbit,0,31
BCAM23,2025-05,Californian Sea Lion,0,31
BCAM23,2025-05,Domestic Cattle,0,31
BCAM23,2025-05,Elk,0,31
BCAM23,2025-05,Black-tailed Jackrabbit,0,31
BCAM23,2025-06,American Badger,0,30
BCAM23,2025-06,Bobcat,0,30
BCAM23,2025-06,Coyote,1,30
BCAM23,2025-06,Domestic Dog,0,30
BCAM23,2025-06,Human,0,30
BCAM23,2025-06,Human-Camera Trapper,4,30
BCAM23,2025-06,Mule Deer,0,30
BCAM23,2025-06,North American River Otter,0,30
BCAM23,2025-06,Northern Elephant Seal,0,30
BCAM23,2025-06,Northern Raccoon,2,30
BCAM23,2025-06,Striped Skunk,0,30
BCAM23,2025-06,Brush Rabbit,0,30
BCAM23,2025-06,Californian Sea Lion,0,30
BCAM23,2025-06,Domestic Cattle,0,30
BCAM23,2025-06,Elk,0,30
BCAM23,2025-06,Black-tailed Jackrabbit,0,30
BCAM23,2025-07,American Badger,0,31
BCAM23,2025-07,Bobcat,0,31
BCAM23,2025-07,Coyote,3,31
BCAM23,2025-07,Domestic Dog,0,31
BCAM23,2025-07,Human,1,31
BCAM23,2025-07,Human-Camera Trapper,0,31
BCAM23,2025-07,Mule Deer,0,31
BCAM23,2025-07,North American River Otter,0,31
BCAM23,2025-07,Northern Elephant Seal,0,31
BCAM23,2025-07,Northern Raccoon,0,31
BCAM23,2025-07,Striped Skunk,0,31
BCAM23,2025-07,Brush Rabbit,0,31
BCAM23,2025-07,Californian Sea Lion,0,31
BCAM23,2025-07,Domestic Cattle,0,31
BCAM23,2025-07,Elk,1,31
BCAM23,2025-07,Black-tailed Jackrabbit,0,31
BCAM23,2025-09,American Badger,0,30
BCAM23,2025-09,Bobcat,0,30
BCAM23,2025-09,Coyote,1,30
BCAM23,2025-09,Domestic Dog,0,30
BCAM23,2025-09,Human,2,30
BCAM23,2025-09,Human-Camera Trapper,2,30
BCAM23,2025-09,Mule Deer,1,30
BCAM23,2025-09,North American River Otter,0,30
BCAM23,2025-09,Northern Elephant Seal,0,30
BCAM23,2025-09,Northern Raccoon,0,30
BCAM23,2025-09,Striped Skunk,0,30
BCAM23,2025-09,Brush Rabbit,0,30
BCAM23,2025-09,Californian Sea Lion,0,30
BCAM23,2025-09,Domestic Cattle,0,30
BCAM23,2025-09,Elk,0,30
BCAM23,2025-09,Black-tailed Jackrabbit,0,30
BCAM23,2025-11,American Badger,0,30
BCAM23,2025-11,Bobcat,0,30
BCAM23,2025-11,Coyote,2,30
BCAM23,2025-11,Domestic Dog,0,30
BCAM23,2025-11,Human,0,30
BCAM23,2025-11,Human-Camera Trapper,0,30
BCAM23,2025-11,Mule Deer,0,30
BCAM23,2025-11,North American River Otter,0,30
BCAM23,2025-11,Northern Elephant Seal,0,30
BCAM23,2025-11,Northern Raccoon,0,30
BCAM23,2025-11,Striped Skunk,0,30
BCAM23,2025-11,Brush Rabbit,0,30
BCAM23,2025-11,Californian Sea Lion,0,30
BCAM23,2025-11,Domestic Cattle,0,30
BCAM23,2025-11,Elk,0,30
BCAM23,2025-11,Black-tailed Jackrabbit,0,30
BCAM23,2025-12,American Badger,0,31
BCAM23,2025-12,Bobcat,0,31
BCAM23,2025-12,Coyote,5,31
BCAM23,2025-12,Domestic Dog,0,31
BCAM23,2025-12,Human,0,31
BCAM23,2025-12,Human-Camera Trapper,2,31
BCAM23,2025-12,Mule Deer,0,31
BCAM23,2025-12,North American River Otter,0,31
BCAM23,2025-12,Northern Elephant Seal,0,31
BCAM23,2025-12,Northern Raccoon,0,31
BCAM23,2025-12,Striped Skunk,0,31
BCAM23,2025-12,Brush Rabbit,0,31
BCAM23,2025-12,Californian Sea Lion,0,31
BCAM23,2025-12,Domestic Cattle,0,31
BCAM23,2025-12,Elk,0,31
BCAM23,2025-12,Black-tailed Jackrabbit,0,31
BCAM23,2026-01,American Badger,0,31
BCAM23,2026-01,Bobcat,0,31
BCAM23,2026-01,Coyote,3,31
BCAM23,2026-01,Domestic Dog,0,31
BCAM23,2026-01,Human,0,31
BCAM23,2026-01,Human-Camera Trapper,2,31
BCAM23,2026-01,Mule Deer,0,31
BCAM23,2026-01,North American River Otter,0,31
BCAM23,2026-01,Northern Elephant Seal,0,31
BCAM23,2026-01,Northern Raccoon,0,31
BCAM23,2026-01,Striped Skunk,0,31
BCAM23,2026-01,Brush Rabbit,0,31
BCAM23,2026-01,Californian Sea Lion,0,31
BCAM23,2026-01,Domestic Cattle,0,31
BCAM23,2026-01,Elk,0,31
BCAM23,2026-01,Black-tailed Jackrabbit,0,31
BCAM23,2026-02,American Badger,0,28
BCAM23,2026-02,Bobcat,0,28
BCAM23,2026-02,Coyote,4,28
BCAM23,2026-02,Domestic Dog,0,28
BCAM23,2026-02,Human,1,28
BCAM23,2026-02,Human-Camera Trapper,1,28
BCAM23,2026-02,Mule Deer,0,28
BCAM23,2026-02,North American River Otter,0,28
BCAM23,2026-02,Northern Elephant Seal,2,28
BCAM23,2026-02,Northern Raccoon,0,28
BCAM23,2026-02,Striped Skunk,0,28
BCAM23,2026-02,Brush Rabbit,0,28
BCAM23,2026-02,Californian Sea Lion,0,28
BCAM23,2026-02,Domestic Cattle,0,28
BCAM23,2026-02,Elk,0,28
BCAM23,2026-02,Black-tailed Jackrabbit,0,28
BCAM23,2026-04,American Badger,0,30
BCAM23,2026-04,Bobcat,0,30
BCAM23,2026-04,Coyote,3,30
BCAM23,2026-04,Domestic Dog,0,30
BCAM23,2026-04,Human,0,30
BCAM23,2026-04,Human-Camera Trapper,2,30
BCAM23,2026-04,Mule Deer,0,30
BCAM23,2026-04,North American River Otter,0,30
BCAM23,2026-04,Northern Elephant Seal,0,30
BCAM23,2026-04,Northern Raccoon,0,30
BCAM23,2026-04,Striped Skunk,0,30
BCAM23,2026-04,Brush Rabbit,0,30
BCAM23,2026-04,Californian Sea Lion,0,30
BCAM23,2026-04,Domestic Cattle,0,30
BCAM23,2026-04,Elk,0,30
BCAM23,2026-04,Black-tailed Jackrabbit,0,30
BCAM23,2026-05,American Badger,0,19
BCAM23,2026-05,Bobcat,0,19
BCAM23,2026-05,Coyote,2,19
BCAM23,2026-05,Domestic Dog,0,19
BCAM23,2026-05,Human,0,19
BCAM23,2026-05,Human-Camera Trapper,0,19
BCAM23,2026-05,Mule Deer,0,19
BCAM23,2026-05,North American River Otter,0,19
BCAM23,2026-05,Northern Elephant Seal,0,19
BCAM23,2026-05,Northern Raccoon,0,19
BCAM23,2026-05,Striped Skunk,0,19
BCAM23,2026-05,Brush Rabbit,0,19
BCAM23,2026-05,Californian Sea Lion,0,19
BCAM23,2026-05,Domestic Cattle,0,19
BCAM23,2026-05,Elk,0,19
BCAM23,2026-05,Black-tailed Jackrabbit,0,19
BCAM23,2025-02,American Badger,0,28
BCAM23,2025-02,Bobcat,0,28
BCAM23,2025-02,Coyote,0,28
BCAM23,2025-02,Domestic Dog,0,28
BCAM23,2025-02,Human,2,28
BCAM23,2025-02,Human-Camera Trapper,4,28
BCAM23,2025-02,Mule Deer,0,28
BCAM23,2025-02,North American River Otter,0,28
BCAM23,2025-02,Northern Elephant Seal,9,28
BCAM23,2025-02,Northern Raccoon,0,28
BCAM23,2025-02,Striped Skunk,0,28
BCAM23,2025-02,Brush Rabbit,0,28
BCAM23,2025-02,Californian Sea Lion,0,28
BCAM23,2025-02,Domestic Cattle,0,28
BCAM23,2025-02,Elk,0,28
BCAM23,2025-02,Black-tailed Jackrabbit,0,28
BCAM23,2025-08,American Badger,0,31
BCAM23,2025-08,Bobcat,0,31
BCAM23,2025-08,Coyote,0,31
BCAM23,2025-08,Domestic Dog,0,31
BCAM23,2025-08,Human,2,31
BCAM23,2025-08,Human-Camera Trapper,2,31
BCAM23,2025-08,Mule Deer,1,31
BCAM23,2025-08,North American River Otter,1,31
BCAM23,2025-08,Northern Elephant Seal,0,31
BCAM23,2025-08,Northern Raccoon,0,31
BCAM23,2025-08,Striped Skunk,0,31
BCAM23,2025-08,Brush Rabbit,0,31
BCAM23,2025-08,Californian Sea Lion,0,31
BCAM23,2025-08,Domestic Cattle,0,31
BCAM23,2025-08,Elk,0,31
BCAM23,2025-08,Black-tailed Jackrabbit,0,31
BCAM23,2025-10,American Badger,0,24
BCAM23,2025-10,Bobcat,0,24
BCAM23,2025-10,Coyote,0,24
BCAM23,2025-10,Domestic Dog,0,24
BCAM23,2025-10,Human,1,24
BCAM23,2025-10,Human-Camera Trapper,1,24
BCAM23,2025-10,Mule Deer,0,24
BCAM23,2025-10,North American River Otter,1,24
BCAM23,2025-10,Northern Elephant Seal,0,24
BCAM23,2025-10,Northern Raccoon,1,24
BCAM23,2025-10,Striped Skunk,0,24
BCAM23,2025-10,Brush Rabbit,0,24
BCAM23,2025-10,Californian Sea Lion,0,24
BCAM23,2025-10,Domestic Cattle,0,24
BCAM23,2025-10,Elk,0,24
BCAM23,2025-10,Black-tailed Jackrabbit,0,24
BCAM23,2024-12,American Badger,0,11
BCAM23,2024-12,Bobcat,0,11
BCAM23,2024-12,Coyote,0,11
BCAM23,2024-12,Domestic Dog,0,11
BCAM23,2024-12,Human,0,11
BCAM23,2024-12,Human-Camera Trapper,1,11
BCAM23,2024-12,Mule Deer,0,11
BCAM23,2024-12,North American River Otter,0,11
BCAM23,2024-12,Northern Elephant Seal,0,11
BCAM23,2024-12,Northern Raccoon,0,11
BCAM23,2024-12,Striped Skunk,0,11
BCAM23,2024-12,Brush Rabbit,0,11
BCAM23,2024-12,Californian Sea Lion,0,11
BCAM23,2024-12,Domestic Cattle,0,11
BCAM23,2024-12,Elk,0,11
BCAM23,2024-12,Black-tailed Jackrabbit,0,11
BCAM24,2025-12,American Badger,0,31
BCAM24,2025-12,Bobcat,0,31
BCAM24,2025-12,Coyote,1,31
BCAM24,2025-12,Domestic Dog,1,31
BCAM24,2025-12,Human,10,31
BCAM24,2025-12,Human-Camera Trapper,2,31
BCAM24,2025-12,Mule Deer,0,31
BCAM24,2025-12,North American River Otter,0,31
BCAM24,2025-12,Northern Elephant Seal,0,31
BCAM24,2025-12,Northern Raccoon,3,31
BCAM24,2025-12,Striped Skunk,0,31
BCAM24,2025-12,Brush Rabbit,0,31
BCAM24,2025-12,Californian Sea Lion,0,31
BCAM24,2025-12,Domestic Cattle,0,31
BCAM24,2025-12,Elk,0,31
BCAM24,2025-12,Black-tailed Jackrabbit,1,31
BCAM24,2026-02,American Badger,0,28
BCAM24,2026-02,Bobcat,0,28
BCAM24,2026-02,Coyote,1,28
BCAM24,2026-02,Domestic Dog,3,28
BCAM24,2026-02,Human,18,28
BCAM24,2026-02,Human-Camera Trapper,2,28
BCAM24,2026-02,Mule Deer,0,28
BCAM24,2026-02,North American River Otter,0,28
BCAM24,2026-02,Northern Elephant Seal,0,28
BCAM24,2026-02,Northern Raccoon,0,28
BCAM24,2026-02,Striped Skunk,0,28
BCAM24,2026-02,Brush Rabbit,0,28
BCAM24,2026-02,Californian Sea Lion,0,28
BCAM24,2026-02,Domestic Cattle,0,28
BCAM24,2026-02,Elk,0,28
BCAM24,2026-02,Black-tailed Jackrabbit,1,28
BCAM24,2025-02,American Badger,0,28
BCAM24,2025-02,Bobcat,4,28
BCAM24,2025-02,Coyote,1,28
BCAM24,2025-02,Domestic Dog,3,28
BCAM24,2025-02,Human,5,28
BCAM24,2025-02,Human-Camera Trapper,4,28
BCAM24,2025-02,Mule Deer,0,28
BCAM24,2025-02,North American River Otter,0,28
BCAM24,2025-02,Northern Elephant Seal,0,28
BCAM24,2025-02,Northern Raccoon,0,28
BCAM24,2025-02,Striped Skunk,0,28
BCAM24,2025-02,Brush Rabbit,0,28
BCAM24,2025-02,Californian Sea Lion,0,28
BCAM24,2025-02,Domestic Cattle,0,28
BCAM24,2025-02,Elk,0,28
BCAM24,2025-02,Black-tailed Jackrabbit,0,28
BCAM24,2025-03,American Badger,0,31
BCAM24,2025-03,Bobcat,4,31
BCAM24,2025-03,Coyote,3,31
BCAM24,2025-03,Domestic Dog,0,31
BCAM24,2025-03,Human,3,31
BCAM24,2025-03,Human-Camera Trapper,3,31
BCAM24,2025-03,Mule Deer,0,31
BCAM24,2025-03,North American River Otter,0,31
BCAM24,2025-03,Northern Elephant Seal,0,31
BCAM24,2025-03,Northern Raccoon,0,31
BCAM24,2025-03,Striped Skunk,0,31
BCAM24,2025-03,Brush Rabbit,0,31
BCAM24,2025-03,Californian Sea Lion,0,31
BCAM24,2025-03,Domestic Cattle,0,31
BCAM24,2025-03,Elk,0,31
BCAM24,2025-03,Black-tailed Jackrabbit,0,31
BCAM24,2025-04,American Badger,0,30
BCAM24,2025-04,Bobcat,1,30
BCAM24,2025-04,Coyote,1,30
BCAM24,2025-04,Domestic Dog,0,30
BCAM24,2025-04,Human,7,30
BCAM24,2025-04,Human-Camera Trapper,2,30
BCAM24,2025-04,Mule Deer,0,30
BCAM24,2025-04,North American River Otter,0,30
BCAM24,2025-04,Northern Elephant Seal,0,30
BCAM24,2025-04,Northern Raccoon,0,30
BCAM24,2025-04,Striped Skunk,0,30
BCAM24,2025-04,Brush Rabbit,0,30
BCAM24,2025-04,Californian Sea Lion,0,30
BCAM24,2025-04,Domestic Cattle,0,30
BCAM24,2025-04,Elk,0,30
BCAM24,2025-04,Black-tailed Jackrabbit,0,30
BCAM24,2025-09,American Badger,0,30
BCAM24,2025-09,Bobcat,1,30
BCAM24,2025-09,Coyote,1,30
BCAM24,2025-09,Domestic Dog,1,30
BCAM24,2025-09,Human,3,30
BCAM24,2025-09,Human-Camera Trapper,2,30
BCAM24,2025-09,Mule Deer,0,30
BCAM24,2025-09,North American River Otter,0,30
BCAM24,2025-09,Northern Elephant Seal,0,30
BCAM24,2025-09,Northern Raccoon,1,30
BCAM24,2025-09,Striped Skunk,0,30
BCAM24,2025-09,Brush Rabbit,0,30
BCAM24,2025-09,Californian Sea Lion,0,30
BCAM24,2025-09,Domestic Cattle,0,30
BCAM24,2025-09,Elk,0,30
BCAM24,2025-09,Black-tailed Jackrabbit,0,30
BCAM24,2025-01,American Badger,0,28
BCAM24,2025-01,Bobcat,0,28
BCAM24,2025-01,Coyote,4,28
BCAM24,2025-01,Domestic Dog,3,28
BCAM24,2025-01,Human,7,28
BCAM24,2025-01,Human-Camera Trapper,1,28
BCAM24,2025-01,Mule Deer,0,28
BCAM24,2025-01,North American River Otter,0,28
BCAM24,2025-01,Northern Elephant Seal,0,28
BCAM24,2025-01,Northern Raccoon,0,28
BCAM24,2025-01,Striped Skunk,0,28
BCAM24,2025-01,Brush Rabbit,0,28
BCAM24,2025-01,Californian Sea Lion,0,28
BCAM24,2025-01,Domestic Cattle,0,28
BCAM24,2025-01,Elk,0,28
BCAM24,2025-01,Black-tailed Jackrabbit,0,28
BCAM24,2025-05,American Badger,0,31
BCAM24,2025-05,Bobcat,0,31
BCAM24,2025-05,Coyote,1,31
BCAM24,2025-05,Domestic Dog,2,31
BCAM24,2025-05,Human,11,31
BCAM24,2025-05,Human-Camera Trapper,0,31
BCAM24,2025-05,Mule Deer,1,31
BCAM24,2025-05,North American River Otter,0,31
BCAM24,2025-05,Northern Elephant Seal,0,31
BCAM24,2025-05,Northern Raccoon,0,31
BCAM24,2025-05,Striped Skunk,0,31
BCAM24,2025-05,Brush Rabbit,0,31
BCAM24,2025-05,Californian Sea Lion,0,31
BCAM24,2025-05,Domestic Cattle,0,31
BCAM24,2025-05,Elk,0,31
BCAM24,2025-05,Black-tailed Jackrabbit,0,31
BCAM24,2025-06,American Badger,0,27
BCAM24,2025-06,Bobcat,0,27
BCAM24,2025-06,Coyote,1,27
BCAM24,2025-06,Domestic Dog,1,27
BCAM24,2025-06,Human,8,27
BCAM24,2025-06,Human-Camera Trapper,3,27
BCAM24,2025-06,Mule Deer,0,27
BCAM24,2025-06,North American River Otter,0,27
BCAM24,2025-06,Northern Elephant Seal,0,27
BCAM24,2025-06,Northern Raccoon,0,27
BCAM24,2025-06,Striped Skunk,0,27
BCAM24,2025-06,Brush Rabbit,0,27
BCAM24,2025-06,Californian Sea Lion,0,27
BCAM24,2025-06,Domestic Cattle,0,27
BCAM24,2025-06,Elk,0,27
BCAM24,2025-06,Black-tailed Jackrabbit,0,27
BCAM24,2025-08,American Badger,0,27
BCAM24,2025-08,Bobcat,0,27
BCAM24,2025-08,Coyote,8,27
BCAM24,2025-08,Domestic Dog,2,27
BCAM24,2025-08,Human,7,27
BCAM24,2025-08,Human-Camera Trapper,0,27
BCAM24,2025-08,Mule Deer,0,27
BCAM24,2025-08,North American River Otter,0,27
BCAM24,2025-08,Northern Elephant Seal,0,27
BCAM24,2025-08,Northern Raccoon,0,27
BCAM24,2025-08,Striped Skunk,0,27
BCAM24,2025-08,Brush Rabbit,0,27
BCAM24,2025-08,Californian Sea Lion,0,27
BCAM24,2025-08,Domestic Cattle,0,27
BCAM24,2025-08,Elk,0,27
BCAM24,2025-08,Black-tailed Jackrabbit,0,27
BCAM24,2025-10,American Badger,0,31
BCAM24,2025-10,Bobcat,0,31
BCAM24,2025-10,Coyote,3,31
BCAM24,2025-10,Domestic Dog,1,31
BCAM24,2025-10,Human,5,31
BCAM24,2025-10,Human-Camera Trapper,2,31
BCAM24,2025-10,Mule Deer,0,31
BCAM24,2025-10,North American River Otter,0,31
BCAM24,2025-10,Northern Elephant Seal,0,31
BCAM24,2025-10,Northern Raccoon,0,31
BCAM24,2025-10,Striped Skunk,0,31
BCAM24,2025-10,Brush Rabbit,0,31
BCAM24,2025-10,Californian Sea Lion,0,31
BCAM24,2025-10,Domestic Cattle,0,31
BCAM24,2025-10,Elk,0,31
BCAM24,2025-10,Black-tailed Jackrabbit,0,31
BCAM24,2025-11,American Badger,0,30
BCAM24,2025-11,Bobcat,0,30
BCAM24,2025-11,Coyote,2,30
BCAM24,2025-11,Domestic Dog,0,30
BCAM24,2025-11,Human,7,30
BCAM24,2025-11,Human-Camera Trapper,0,30
BCAM24,2025-11,Mule Deer,0,30
BCAM24,2025-11,North American River Otter,0,30
BCAM24,2025-11,Northern Elephant Seal,0,30
BCAM24,2025-11,Northern Raccoon,0,30
BCAM24,2025-11,Striped Skunk,0,30
BCAM24,2025-11,Brush Rabbit,0,30
BCAM24,2025-11,Californian Sea Lion,0,30
BCAM24,2025-11,Domestic Cattle,0,30
BCAM24,2025-11,Elk,0,30
BCAM24,2025-11,Black-tailed Jackrabbit,0,30
BCAM24,2026-01,American Badger,0,31
BCAM24,2026-01,Bobcat,0,31
BCAM24,2026-01,Coyote,2,31
BCAM24,2026-01,Domestic Dog,1,31
BCAM24,2026-01,Human,14,31
BCAM24,2026-01,Human-Camera Trapper,2,31
BCAM24,2026-01,Mule Deer,0,31
BCAM24,2026-01,North American River Otter,0,31
BCAM24,2026-01,Northern Elephant Seal,0,31
BCAM24,2026-01,Northern Raccoon,6,31
BCAM24,2026-01,Striped Skunk,0,31
BCAM24,2026-01,Brush Rabbit,0,31
BCAM24,2026-01,Californian Sea Lion,0,31
BCAM24,2026-01,Domestic Cattle,0,31
BCAM24,2026-01,Elk,0,31
BCAM24,2026-01,Black-tailed Jackrabbit,0,31
BCAM24,2026-05,American Badger,0,31
BCAM24,2026-05,Bobcat,0,31
BCAM24,2026-05,Coyote,2,31
BCAM24,2026-05,Domestic Dog,1,31
BCAM24,2026-05,Human,8,31
BCAM24,2026-05,Human-Camera Trapper,1,31
BCAM24,2026-05,Mule Deer,0,31
BCAM24,2026-05,North American River Otter,0,31
BCAM24,2026-05,Northern Elephant Seal,0,31
BCAM24,2026-05,Northern Raccoon,0,31
BCAM24,2026-05,Striped Skunk,0,31
BCAM24,2026-05,Brush Rabbit,0,31
BCAM24,2026-05,Californian Sea Lion,0,31
BCAM24,2026-05,Domestic Cattle,0,31
BCAM24,2026-05,Elk,0,31
BCAM24,2026-05,Black-tailed Jackrabbit,0,31
BCAM24,2026-03,American Badger,0,31
BCAM24,2026-03,Bobcat,0,31
BCAM24,2026-03,Coyote,0,31
BCAM24,2026-03,Domestic Dog,1,31
BCAM24,2026-03,Human,12,31
BCAM24,2026-03,Human-Camera Trapper,0,31
BCAM24,2026-03,Mule Deer,0,31
BCAM24,2026-03,North American River Otter,0,31
BCAM24,2026-03,Northern Elephant Seal,0,31
BCAM24,2026-03,Northern Raccoon,0,31
BCAM24,2026-03,Striped Skunk,0,31
BCAM24,2026-03,Brush Rabbit,0,31
BCAM24,2026-03,Californian Sea Lion,0,31
BCAM24,2026-03,Domestic Cattle,0,31
BCAM24,2026-03,Elk,0,31
BCAM24,2026-03,Black-tailed Jackrabbit,0,31
BCAM24,2026-04,American Badger,0,30
BCAM24,2026-04,Bobcat,0,30
BCAM24,2026-04,Coyote,0,30
BCAM24,2026-04,Domestic Dog,0,30
BCAM24,2026-04,Human,6,30
BCAM24,2026-04,Human-Camera Trapper,2,30
BCAM24,2026-04,Mule Deer,0,30
BCAM24,2026-04,North American River Otter,0,30
BCAM24,2026-04,Northern Elephant Seal,0,30
BCAM24,2026-04,Northern Raccoon,0,30
BCAM24,2026-04,Striped Skunk,0,30
BCAM24,2026-04,Brush Rabbit,0,30
BCAM24,2026-04,Californian Sea Lion,0,30
BCAM24,2026-04,Domestic Cattle,0,30
BCAM24,2026-04,Elk,0,30
BCAM24,2026-04,Black-tailed Jackrabbit,0,30
BCAM25,2025-06,American Badger,0,30
BCAM25,2025-06,Bobcat,0,30
BCAM25,2025-06,Coyote,0,30
BCAM25,2025-06,Domestic Dog,0,30
BCAM25,2025-06,Human,3,30
BCAM25,2025-06,Human-Camera Trapper,3,30
BCAM25,2025-06,Mule Deer,0,30
BCAM25,2025-06,North American River Otter,0,30
BCAM25,2025-06,Northern Elephant Seal,0,30
BCAM25,2025-06,Northern Raccoon,0,30
BCAM25,2025-06,Striped Skunk,0,30
BCAM25,2025-06,Brush Rabbit,0,30
BCAM25,2025-06,Californian Sea Lion,0,30
BCAM25,2025-06,Domestic Cattle,0,30
BCAM25,2025-06,Elk,0,30
BCAM25,2025-06,Black-tailed Jackrabbit,1,30
BCAM25,2025-07,American Badger,0,31
BCAM25,2025-07,Bobcat,0,31
BCAM25,2025-07,Coyote,0,31
BCAM25,2025-07,Domestic Dog,1,31
BCAM25,2025-07,Human,5,31
BCAM25,2025-07,Human-Camera Trapper,0,31
BCAM25,2025-07,Mule Deer,0,31
BCAM25,2025-07,North American River Otter,0,31
BCAM25,2025-07,Northern Elephant Seal,0,31
BCAM25,2025-07,Northern Raccoon,0,31
BCAM25,2025-07,Striped Skunk,0,31
BCAM25,2025-07,Brush Rabbit,0,31
BCAM25,2025-07,Californian Sea Lion,0,31
BCAM25,2025-07,Domestic Cattle,0,31
BCAM25,2025-07,Elk,0,31
BCAM25,2025-07,Black-tailed Jackrabbit,2,31
BCAM25,2025-08,American Badger,0,31
BCAM25,2025-08,Bobcat,0,31
BCAM25,2025-08,Coyote,5,31
BCAM25,2025-08,Domestic Dog,2,31
BCAM25,2025-08,Human,2,31
BCAM25,2025-08,Human-Camera Trapper,2,31
BCAM25,2025-08,Mule Deer,0,31
BCAM25,2025-08,North American River Otter,0,31
BCAM25,2025-08,Northern Elephant Seal,0,31
BCAM25,2025-08,Northern Raccoon,0,31
BCAM25,2025-08,Striped Skunk,0,31
BCAM25,2025-08,Brush Rabbit,0,31
BCAM25,2025-08,Californian Sea Lion,0,31
BCAM25,2025-08,Domestic Cattle,0,31
BCAM25,2025-08,Elk,0,31
BCAM25,2025-08,Black-tailed Jackrabbit,1,31
BCAM25,2026-02,American Badger,0,28
BCAM25,2026-02,Bobcat,0,28
BCAM25,2026-02,Coyote,3,28
BCAM25,2026-02,Domestic Dog,5,28
BCAM25,2026-02,Human,15,28
BCAM25,2026-02,Human-Camera Trapper,2,28
BCAM25,2026-02,Mule Deer,1,28
BCAM25,2026-02,North American River Otter,0,28
BCAM25,2026-02,Northern Elephant Seal,0,28
BCAM25,2026-02,Northern Raccoon,0,28
BCAM25,2026-02,Striped Skunk,0,28
BCAM25,2026-02,Brush Rabbit,0,28
BCAM25,2026-02,Californian Sea Lion,0,28
BCAM25,2026-02,Domestic Cattle,0,28
BCAM25,2026-02,Elk,0,28
BCAM25,2026-02,Black-tailed Jackrabbit,2,28
BCAM25,2025-01,American Badger,0,28
BCAM25,2025-01,Bobcat,0,28
BCAM25,2025-01,Coyote,1,28
BCAM25,2025-01,Domestic Dog,2,28
BCAM25,2025-01,Human,6,28
BCAM25,2025-01,Human-Camera Trapper,1,28
BCAM25,2025-01,Mule Deer,0,28
BCAM25,2025-01,North American River Otter,0,28
BCAM25,2025-01,Northern Elephant Seal,0,28
BCAM25,2025-01,Northern Raccoon,0,28
BCAM25,2025-01,Striped Skunk,0,28
BCAM25,2025-01,Brush Rabbit,0,28
BCAM25,2025-01,Californian Sea Lion,0,28
BCAM25,2025-01,Domestic Cattle,0,28
BCAM25,2025-01,Elk,0,28
BCAM25,2025-01,Black-tailed Jackrabbit,0,28
BCAM25,2025-02,American Badger,0,28
BCAM25,2025-02,Bobcat,0,28
BCAM25,2025-02,Coyote,2,28
BCAM25,2025-02,Domestic Dog,4,28
BCAM25,2025-02,Human,6,28
BCAM25,2025-02,Human-Camera Trapper,4,28
BCAM25,2025-02,Mule Deer,0,28
BCAM25,2025-02,North American River Otter,0,28
BCAM25,2025-02,Northern Elephant Seal,0,28
BCAM25,2025-02,Northern Raccoon,0,28
BCAM25,2025-02,Striped Skunk,0,28
BCAM25,2025-02,Brush Rabbit,0,28
BCAM25,2025-02,Californian Sea Lion,0,28
BCAM25,2025-02,Domestic Cattle,0,28
BCAM25,2025-02,Elk,0,28
BCAM25,2025-02,Black-tailed Jackrabbit,0,28
BCAM25,2025-03,American Badger,0,31
BCAM25,2025-03,Bobcat,0,31
BCAM25,2025-03,Coyote,1,31
BCAM25,2025-03,Domestic Dog,1,31
BCAM25,2025-03,Human,5,31
BCAM25,2025-03,Human-Camera Trapper,1,31
BCAM25,2025-03,Mule Deer,0,31
BCAM25,2025-03,North American River Otter,0,31
BCAM25,2025-03,Northern Elephant Seal,0,31
BCAM25,2025-03,Northern Raccoon,0,31
BCAM25,2025-03,Striped Skunk,0,31
BCAM25,2025-03,Brush Rabbit,0,31
BCAM25,2025-03,Californian Sea Lion,0,31
BCAM25,2025-03,Domestic Cattle,0,31
BCAM25,2025-03,Elk,0,31
BCAM25,2025-03,Black-tailed Jackrabbit,0,31
BCAM25,2025-05,American Badger,0,31
BCAM25,2025-05,Bobcat,0,31
BCAM25,2025-05,Coyote,2,31
BCAM25,2025-05,Domestic Dog,0,31
BCAM25,2025-05,Human,0,31
BCAM25,2025-05,Human-Camera Trapper,0,31
BCAM25,2025-05,Mule Deer,0,31
BCAM25,2025-05,North American River Otter,0,31
BCAM25,2025-05,Northern Elephant Seal,0,31
BCAM25,2025-05,Northern Raccoon,0,31
BCAM25,2025-05,Striped Skunk,0,31
BCAM25,2025-05,Brush Rabbit,0,31
BCAM25,2025-05,Californian Sea Lion,0,31
BCAM25,2025-05,Domestic Cattle,0,31
BCAM25,2025-05,Elk,0,31
BCAM25,2025-05,Black-tailed Jackrabbit,0,31
BCAM25,2025-09,American Badger,0,30
BCAM25,2025-09,Bobcat,0,30
BCAM25,2025-09,Coyote,1,30
BCAM25,2025-09,Domestic Dog,0,30
BCAM25,2025-09,Human,0,30
BCAM25,2025-09,Human-Camera Trapper,2,30
BCAM25,2025-09,Mule Deer,0,30
BCAM25,2025-09,North American River Otter,0,30
BCAM25,2025-09,Northern Elephant Seal,0,30
BCAM25,2025-09,Northern Raccoon,1,30
BCAM25,2025-09,Striped Skunk,0,30
BCAM25,2025-09,Brush Rabbit,0,30
BCAM25,2025-09,Californian Sea Lion,0,30
BCAM25,2025-09,Domestic Cattle,0,30
BCAM25,2025-09,Elk,0,30
BCAM25,2025-09,Black-tailed Jackrabbit,0,30
BCAM25,2025-10,American Badger,0,31
BCAM25,2025-10,Bobcat,0,31
BCAM25,2025-10,Coyote,2,31
BCAM25,2025-10,Domestic Dog,1,31
BCAM25,2025-10,Human,4,31
BCAM25,2025-10,Human-Camera Trapper,2,31
BCAM25,2025-10,Mule Deer,0,31
BCAM25,2025-10,North American River Otter,0,31
BCAM25,2025-10,Northern Elephant Seal,0,31
BCAM25,2025-10,Northern Raccoon,0,31
BCAM25,2025-10,Striped Skunk,0,31
BCAM25,2025-10,Brush Rabbit,0,31
BCAM25,2025-10,Californian Sea Lion,0,31
BCAM25,2025-10,Domestic Cattle,0,31
BCAM25,2025-10,Elk,0,31
BCAM25,2025-10,Black-tailed Jackrabbit,0,31
BCAM25,2025-12,American Badger,0,31
BCAM25,2025-12,Bobcat,0,31
BCAM25,2025-12,Coyote,3,31
BCAM25,2025-12,Domestic Dog,4,31
BCAM25,2025-12,Human,4,31
BCAM25,2025-12,Human-Camera Trapper,2,31
BCAM25,2025-12,Mule Deer,0,31
BCAM25,2025-12,North American River Otter,0,31
BCAM25,2025-12,Northern Elephant Seal,0,31
BCAM25,2025-12,Northern Raccoon,0,31
BCAM25,2025-12,Striped Skunk,0,31
BCAM25,2025-12,Brush Rabbit,0,31
BCAM25,2025-12,Californian Sea Lion,0,31
BCAM25,2025-12,Domestic Cattle,1,31
BCAM25,2025-12,Elk,0,31
BCAM25,2025-12,Black-tailed Jackrabbit,0,31
BCAM25,2026-03,American Badger,0,31
BCAM25,2026-03,Bobcat,0,31
BCAM25,2026-03,Coyote,1,31
BCAM25,2026-03,Domestic Dog,1,31
BCAM25,2026-03,Human,6,31
BCAM25,2026-03,Human-Camera Trapper,0,31
BCAM25,2026-03,Mule Deer,0,31
BCAM25,2026-03,North American River Otter,0,31
BCAM25,2026-03,Northern Elephant Seal,0,31
BCAM25,2026-03,Northern Raccoon,0,31
BCAM25,2026-03,Striped Skunk,0,31
BCAM25,2026-03,Brush Rabbit,0,31
BCAM25,2026-03,Californian Sea Lion,0,31
BCAM25,2026-03,Domestic Cattle,0,31
BCAM25,2026-03,Elk,0,31
BCAM25,2026-03,Black-tailed Jackrabbit,0,31
BCAM25,2026-01,American Badger,0,31
BCAM25,2026-01,Bobcat,0,31
BCAM25,2026-01,Coyote,0,31
BCAM25,2026-01,Domestic Dog,2,31
BCAM25,2026-01,Human,13,31
BCAM25,2026-01,Human-Camera Trapper,2,31
BCAM25,2026-01,Mule Deer,0,31
BCAM25,2026-01,North American River Otter,0,31
BCAM25,2026-01,Northern Elephant Seal,0,31
BCAM25,2026-01,Northern Raccoon,0,31
BCAM25,2026-01,Striped Skunk,0,31
BCAM25,2026-01,Brush Rabbit,0,31
BCAM25,2026-01,Californian Sea Lion,0,31
BCAM25,2026-01,Domestic Cattle,0,31
BCAM25,2026-01,Elk,0,31
BCAM25,2026-01,Black-tailed Jackrabbit,0,31
BCAM25,2026-04,American Badger,0,30
BCAM25,2026-04,Bobcat,0,30
BCAM25,2026-04,Coyote,0,30
BCAM25,2026-04,Domestic Dog,1,30
BCAM25,2026-04,Human,2,30
BCAM25,2026-04,Human-Camera Trapper,2,30
BCAM25,2026-04,Mule Deer,0,30
BCAM25,2026-04,North American River Otter,0,30
BCAM25,2026-04,Northern Elephant Seal,0,30
BCAM25,2026-04,Northern Raccoon,0,30
BCAM25,2026-04,Striped Skunk,0,30
BCAM25,2026-04,Brush Rabbit,0,30
BCAM25,2026-04,Californian Sea Lion,0,30
BCAM25,2026-04,Domestic Cattle,0,30
BCAM25,2026-04,Elk,0,30
BCAM25,2026-04,Black-tailed Jackrabbit,0,30
BCAM25,2025-04,American Badger,0,30
BCAM25,2025-04,Bobcat,0,30
BCAM25,2025-04,Coyote,0,30
BCAM25,2025-04,Domestic Dog,0,30
BCAM25,2025-04,Human,2,30
BCAM25,2025-04,Human-Camera Trapper,1,30
BCAM25,2025-04,Mule Deer,0,30
BCAM25,2025-04,North American River Otter,0,30
BCAM25,2025-04,Northern Elephant Seal,0,30
BCAM25,2025-04,Northern Raccoon,1,30
BCAM25,2025-04,Striped Skunk,0,30
BCAM25,2025-04,Brush Rabbit,0,30
BCAM25,2025-04,Californian Sea Lion,0,30
BCAM25,2025-04,Domestic Cattle,0,30
BCAM25,2025-04,Elk,0,30
BCAM25,2025-04,Black-tailed Jackrabbit,0,30
BCAM25,2025-11,American Badger,0,30
BCAM25,2025-11,Bobcat,0,30
BCAM25,2025-11,Coyote,0,30
BCAM25,2025-11,Domestic Dog,0,30
BCAM25,2025-11,Human,1,30
BCAM25,2025-11,Human-Camera Trapper,0,30
BCAM25,2025-11,Mule Deer,0,30
BCAM25,2025-11,North American River Otter,0,30
BCAM25,2025-11,Northern Elephant Seal,0,30
BCAM25,2025-11,Northern Raccoon,0,30
BCAM25,2025-11,Striped Skunk,0,30
BCAM25,2025-11,Brush Rabbit,0,30
BCAM25,2025-11,Californian Sea Lion,0,30
BCAM25,2025-11,Domestic Cattle,0,30
BCAM25,2025-11,Elk,0,30
BCAM25,2025-11,Black-tailed Jackrabbit,0,30
BCAM25,2026-05,American Badger,0,31
BCAM25,2026-05,Bobcat,0,31
BCAM25,2026-05,Coyote,0,31
BCAM25,2026-05,Domestic Dog,0,31
BCAM25,2026-05,Human,2,31
BCAM25,2026-05,Human-Camera Trapper,1,31
BCAM25,2026-05,Mule Deer,0,31
BCAM25,2026-05,North American River Otter,0,31
BCAM25,2026-05,Northern Elephant Seal,0,31
BCAM25,2026-05,Northern Raccoon,0,31
BCAM25,2026-05,Striped Skunk,0,31
BCAM25,2026-05,Brush Rabbit,0,31
BCAM25,2026-05,Californian Sea Lion,0,31
BCAM25,2026-05,Domestic Cattle,0,31
BCAM25,2026-05,Elk,0,31
BCAM25,2026-05,Black-tailed Jackrabbit,0,31
BCAM26,2025-07,American Badger,1,31
BCAM26,2025-07,Bobcat,0,31
BCAM26,2025-07,Coyote,0,31
BCAM26,2025-07,Domestic Dog,0,31
BCAM26,2025-07,Human,9,31
BCAM26,2025-07,Human-Camera Trapper,0,31
BCAM26,2025-07,Mule Deer,33,31
BCAM26,2025-07,North American River Otter,0,31
BCAM26,2025-07,Northern Elephant Seal,0,31
BCAM26,2025-07,Northern Raccoon,1,31
BCAM26,2025-07,Striped Skunk,0,31
BCAM26,2025-07,Brush Rabbit,0,31
BCAM26,2025-07,Californian Sea Lion,0,31
BCAM26,2025-07,Domestic Cattle,0,31
BCAM26,2025-07,Elk,0,31
BCAM26,2025-07,Black-tailed Jackrabbit,0,31
BCAM26,2025-05,American Badger,0,22
BCAM26,2025-05,Bobcat,1,22
BCAM26,2025-05,Coyote,3,22
BCAM26,2025-05,Domestic Dog,0,22
BCAM26,2025-05,Human,6,22
BCAM26,2025-05,Human-Camera Trapper,0,22
BCAM26,2025-05,Mule Deer,1,22
BCAM26,2025-05,North American River Otter,0,22
BCAM26,2025-05,Northern Elephant Seal,0,22
BCAM26,2025-05,Northern Raccoon,3,22
BCAM26,2025-05,Striped Skunk,0,22
BCAM26,2025-05,Brush Rabbit,0,22
BCAM26,2025-05,Californian Sea Lion,0,22
BCAM26,2025-05,Domestic Cattle,0,22
BCAM26,2025-05,Elk,0,22
BCAM26,2025-05,Black-tailed Jackrabbit,0,22
BCAM26,2025-06,American Badger,0,28
BCAM26,2025-06,Bobcat,2,28
BCAM26,2025-06,Coyote,0,28
BCAM26,2025-06,Domestic Dog,0,28
BCAM26,2025-06,Human,7,28
BCAM26,2025-06,Human-Camera Trapper,3,28
BCAM26,2025-06,Mule Deer,4,28
BCAM26,2025-06,North American River Otter,0,28
BCAM26,2025-06,Northern Elephant Seal,0,28
BCAM26,2025-06,Northern Raccoon,6,28
BCAM26,2025-06,Striped Skunk,0,28
BCAM26,2025-06,Brush Rabbit,0,28
BCAM26,2025-06,Californian Sea Lion,0,28
BCAM26,2025-06,Domestic Cattle,0,28
BCAM26,2025-06,Elk,2,28
BCAM26,2025-06,Black-tailed Jackrabbit,0,28
BCAM26,2025-09,American Badger,0,30
BCAM26,2025-09,Bobcat,1,30
BCAM26,2025-09,Coyote,22,30
BCAM26,2025-09,Domestic Dog,0,30
BCAM26,2025-09,Human,13,30
BCAM26,2025-09,Human-Camera Trapper,2,30
BCAM26,2025-09,Mule Deer,53,30
BCAM26,2025-09,North American River Otter,0,30
BCAM26,2025-09,Northern Elephant Seal,0,30
BCAM26,2025-09,Northern Raccoon,0,30
BCAM26,2025-09,Striped Skunk,0,30
BCAM26,2025-09,Brush Rabbit,0,30
BCAM26,2025-09,Californian Sea Lion,0,30
BCAM26,2025-09,Domestic Cattle,0,30
BCAM26,2025-09,Elk,1,30
BCAM26,2025-09,Black-tailed Jackrabbit,0,30
BCAM26,2025-11,American Badger,0,30
BCAM26,2025-11,Bobcat,1,30
BCAM26,2025-11,Coyote,4,30
BCAM26,2025-11,Domestic Dog,0,30
BCAM26,2025-11,Human,9,30
BCAM26,2025-11,Human-Camera Trapper,0,30
BCAM26,2025-11,Mule Deer,1,30
BCAM26,2025-11,North American River Otter,0,30
BCAM26,2025-11,Northern Elephant Seal,0,30
BCAM26,2025-11,Northern Raccoon,3,30
BCAM26,2025-11,Striped Skunk,0,30
BCAM26,2025-11,Brush Rabbit,0,30
BCAM26,2025-11,Californian Sea Lion,0,30
BCAM26,2025-11,Domestic Cattle,0,30
BCAM26,2025-11,Elk,0,30
BCAM26,2025-11,Black-tailed Jackrabbit,0,30
BCAM26,2026-04,American Badger,0,30
BCAM26,2026-04,Bobcat,1,30
BCAM26,2026-04,Coyote,15,30
BCAM26,2026-04,Domestic Dog,1,30
BCAM26,2026-04,Human,14,30
BCAM26,2026-04,Human-Camera Trapper,2,30
BCAM26,2026-04,Mule Deer,3,30
BCAM26,2026-04,North American River Otter,1,30
BCAM26,2026-04,Northern Elephant Seal,0,30
BCAM26,2026-04,Northern Raccoon,3,30
BCAM26,2026-04,Striped Skunk,0,30
BCAM26,2026-04,Brush Rabbit,0,30
BCAM26,2026-04,Californian Sea Lion,0,30
BCAM26,2026-04,Domestic Cattle,0,30
BCAM26,2026-04,Elk,0,30
BCAM26,2026-04,Black-tailed Jackrabbit,0,30
BCAM26,2023-09,American Badger,0,12
BCAM26,2023-09,Bobcat,0,12
BCAM26,2023-09,Coyote,1,12
BCAM26,2023-09,Domestic Dog,0,12
BCAM26,2023-09,Human,4,12
BCAM26,2023-09,Human-Camera Trapper,3,12
BCAM26,2023-09,Mule Deer,0,12
BCAM26,2023-09,North American River Otter,0,12
BCAM26,2023-09,Northern Elephant Seal,0,12
BCAM26,2023-09,Northern Raccoon,0,12
BCAM26,2023-09,Striped Skunk,0,12
BCAM26,2023-09,Brush Rabbit,0,12
BCAM26,2023-09,Californian Sea Lion,0,12
BCAM26,2023-09,Domestic Cattle,0,12
BCAM26,2023-09,Elk,0,12
BCAM26,2023-09,Black-tailed Jackrabbit,0,12
BCAM26,2023-10,American Badger,0,31
BCAM26,2023-10,Bobcat,0,31
BCAM26,2023-10,Coyote,2,31
BCAM26,2023-10,Domestic Dog,0,31
BCAM26,2023-10,Human,4,31
BCAM26,2023-10,Human-Camera Trapper,1,31
BCAM26,2023-10,Mule Deer,8,31
BCAM26,2023-10,North American River Otter,1,31
BCAM26,2023-10,Northern Elephant Seal,0,31
BCAM26,2023-10,Northern Raccoon,11,31
BCAM26,2023-10,Striped Skunk,0,31
BCAM26,2023-10,Brush Rabbit,0,31
BCAM26,2023-10,Californian Sea Lion,0,31
BCAM26,2023-10,Domestic Cattle,0,31
BCAM26,2023-10,Elk,0,31
BCAM26,2023-10,Black-tailed Jackrabbit,0,31
BCAM26,2023-11,American Badger,0,4
BCAM26,2023-11,Bobcat,0,4
BCAM26,2023-11,Coyote,1,4
BCAM26,2023-11,Domestic Dog,0,4
BCAM26,2023-11,Human,0,4
BCAM26,2023-11,Human-Camera Trapper,2,4
BCAM26,2023-11,Mule Deer,0,4
BCAM26,2023-11,North American River Otter,0,4
BCAM26,2023-11,Northern Elephant Seal,0,4
BCAM26,2023-11,Northern Raccoon,0,4
BCAM26,2023-11,Striped Skunk,0,4
BCAM26,2023-11,Brush Rabbit,0,4
BCAM26,2023-11,Californian Sea Lion,0,4
BCAM26,2023-11,Domestic Cattle,0,4
BCAM26,2023-11,Elk,0,4
BCAM26,2023-11,Black-tailed Jackrabbit,0,4
BCAM26,2024-10,American Badger,0,31
BCAM26,2024-10,Bobcat,0,31
BCAM26,2024-10,Coyote,3,31
BCAM26,2024-10,Domestic Dog,0,31
BCAM26,2024-10,Human,7,31
BCAM26,2024-10,Human-Camera Trapper,2,31
BCAM26,2024-10,Mule Deer,3,31
BCAM26,2024-10,North American River Otter,0,31
BCAM26,2024-10,Northern Elephant Seal,0,31
BCAM26,2024-10,Northern Raccoon,5,31
BCAM26,2024-10,Striped Skunk,0,31
BCAM26,2024-10,Brush Rabbit,0,31
BCAM26,2024-10,Californian Sea Lion,0,31
BCAM26,2024-10,Domestic Cattle,0,31
BCAM26,2024-10,Elk,0,31
BCAM26,2024-10,Black-tailed Jackrabbit,0,31
BCAM26,2024-11,American Badger,0,30
BCAM26,2024-11,Bobcat,0,30
BCAM26,2024-11,Coyote,7,30
BCAM26,2024-11,Domestic Dog,0,30
BCAM26,2024-11,Human,8,30
BCAM26,2024-11,Human-Camera Trapper,2,30
BCAM26,2024-11,Mule Deer,1,30
BCAM26,2024-11,North American River Otter,1,30
BCAM26,2024-11,Northern Elephant Seal,0,30
BCAM26,2024-11,Northern Raccoon,11,30
BCAM26,2024-11,Striped Skunk,0,30
BCAM26,2024-11,Brush Rabbit,0,30
BCAM26,2024-11,Californian Sea Lion,0,30
BCAM26,2024-11,Domestic Cattle,0,30
BCAM26,2024-11,Elk,0,30
BCAM26,2024-11,Black-tailed Jackrabbit,0,30
BCAM26,2025-01,American Badger,0,31
BCAM26,2025-01,Bobcat,0,31
BCAM26,2025-01,Coyote,16,31
BCAM26,2025-01,Domestic Dog,0,31
BCAM26,2025-01,Human,10,31
BCAM26,2025-01,Human-Camera Trapper,2,31
BCAM26,2025-01,Mule Deer,0,31
BCAM26,2025-01,North American River Otter,0,31
BCAM26,2025-01,Northern Elephant Seal,4,31
BCAM26,2025-01,Northern Raccoon,1,31
BCAM26,2025-01,Striped Skunk,0,31
BCAM26,2025-01,Brush Rabbit,0,31
BCAM26,2025-01,Californian Sea Lion,0,31
BCAM26,2025-01,Domestic Cattle,0,31
BCAM26,2025-01,Elk,0,31
BCAM26,2025-01,Black-tailed Jackrabbit,0,31
BCAM26,2025-02,American Badger,0,28
BCAM26,2025-02,Bobcat,0,28
BCAM26,2025-02,Coyote,13,28
BCAM26,2025-02,Domestic Dog,0,28
BCAM26,2025-02,Human,1,28
BCAM26,2025-02,Human-Camera Trapper,4,28
BCAM26,2025-02,Mule Deer,0,28
BCAM26,2025-02,North American River Otter,0,28
BCAM26,2025-02,Northern Elephant Seal,20,28
BCAM26,2025-02,Northern Raccoon,0,28
BCAM26,2025-02,Striped Skunk,0,28
BCAM26,2025-02,Brush Rabbit,0,28
BCAM26,2025-02,Californian Sea Lion,0,28
BCAM26,2025-02,Domestic Cattle,0,28
BCAM26,2025-02,Elk,0,28
BCAM26,2025-02,Black-tailed Jackrabbit,0,28
BCAM26,2025-03,American Badger,0,31
BCAM26,2025-03,Bobcat,0,31
BCAM26,2025-03,Coyote,3,31
BCAM26,2025-03,Domestic Dog,0,31
BCAM26,2025-03,Human,0,31
BCAM26,2025-03,Human-Camera Trapper,2,31
BCAM26,2025-03,Mule Deer,0,31
BCAM26,2025-03,North American River Otter,0,31
BCAM26,2025-03,Northern Elephant Seal,40,31
BCAM26,2025-03,Northern Raccoon,0,31
BCAM26,2025-03,Striped Skunk,0,31
BCAM26,2025-03,Brush Rabbit,0,31
BCAM26,2025-03,Californian Sea Lion,0,31
BCAM26,2025-03,Domestic Cattle,0,31
BCAM26,2025-03,Elk,0,31
BCAM26,2025-03,Black-tailed Jackrabbit,0,31
BCAM26,2025-04,American Badger,0,30
BCAM26,2025-04,Bobcat,0,30
BCAM26,2025-04,Coyote,3,30
BCAM26,2025-04,Domestic Dog,0,30
BCAM26,2025-04,Human,3,30
BCAM26,2025-04,Human-Camera Trapper,2,30
BCAM26,2025-04,Mule Deer,1,30
BCAM26,2025-04,North American River Otter,0,30
BCAM26,2025-04,Northern Elephant Seal,2,30
BCAM26,2025-04,Northern Raccoon,1,30
BCAM26,2025-04,Striped Skunk,0,30
BCAM26,2025-04,Brush Rabbit,0,30
BCAM26,2025-04,Californian Sea Lion,0,30
BCAM26,2025-04,Domestic Cattle,0,30
BCAM26,2025-04,Elk,0,30
BCAM26,2025-04,Black-tailed Jackrabbit,0,30
BCAM26,2025-08,American Badger,0,31
BCAM26,2025-08,Bobcat,0,31
BCAM26,2025-08,Coyote,20,31
BCAM26,2025-08,Domestic Dog,0,31
BCAM26,2025-08,Human,29,31
BCAM26,2025-08,Human-Camera Trapper,2,31
BCAM26,2025-08,Mule Deer,53,31
BCAM26,2025-08,North American River Otter,0,31
BCAM26,2025-08,Northern Elephant Seal,0,31
BCAM26,2025-08,Northern Raccoon,2,31
BCAM26,2025-08,Striped Skunk,0,31
BCAM26,2025-08,Brush Rabbit,0,31
BCAM26,2025-08,Californian Sea Lion,0,31
BCAM26,2025-08,Domestic Cattle,0,31
BCAM26,2025-08,Elk,1,31
BCAM26,2025-08,Black-tailed Jackrabbit,0,31
BCAM26,2025-10,American Badger,0,17
BCAM26,2025-10,Bobcat,0,17
BCAM26,2025-10,Coyote,4,17
BCAM26,2025-10,Domestic Dog,0,17
BCAM26,2025-10,Human,3,17
BCAM26,2025-10,Human-Camera Trapper,1,17
BCAM26,2025-10,Mule Deer,3,17
BCAM26,2025-10,North American River Otter,0,17
BCAM26,2025-10,Northern Elephant Seal,0,17
BCAM26,2025-10,Northern Raccoon,0,17
BCAM26,2025-10,Striped Skunk,0,17
BCAM26,2025-10,Brush Rabbit,0,17
BCAM26,2025-10,Californian Sea Lion,0,17
BCAM26,2025-10,Domestic Cattle,0,17
BCAM26,2025-10,Elk,0,17
BCAM26,2025-10,Black-tailed Jackrabbit,0,17
BCAM26,2025-12,American Badger,0,31
BCAM26,2025-12,Bobcat,0,31
BCAM26,2025-12,Coyote,34,31
BCAM26,2025-12,Domestic Dog,0,31
BCAM26,2025-12,Human,19,31
BCAM26,2025-12,Human-Camera Trapper,2,31
BCAM26,2025-12,Mule Deer,0,31
BCAM26,2025-12,North American River Otter,0,31
BCAM26,2025-12,Northern Elephant Seal,2,31
BCAM26,2025-12,Northern Raccoon,1,31
BCAM26,2025-12,Striped Skunk,0,31
BCAM26,2025-12,Brush Rabbit,0,31
BCAM26,2025-12,Californian Sea Lion,0,31
BCAM26,2025-12,Domestic Cattle,0,31
BCAM26,2025-12,Elk,1,31
BCAM26,2025-12,Black-tailed Jackrabbit,0,31
BCAM26,2026-01,American Badger,0,31
BCAM26,2026-01,Bobcat,0,31
BCAM26,2026-01,Coyote,27,31
BCAM26,2026-01,Domestic Dog,0,31
BCAM26,2026-01,Human,5,31
BCAM26,2026-01,Human-Camera Trapper,2,31
BCAM26,2026-01,Mule Deer,0,31
BCAM26,2026-01,North American River Otter,0,31
BCAM26,2026-01,Northern Elephant Seal,83,31
BCAM26,2026-01,Northern Raccoon,0,31
BCAM26,2026-01,Striped Skunk,0,31
BCAM26,2026-01,Brush Rabbit,0,31
BCAM26,2026-01,Californian Sea Lion,0,31
BCAM26,2026-01,Domestic Cattle,0,31
BCAM26,2026-01,Elk,0,31
BCAM26,2026-01,Black-tailed Jackrabbit,0,31
BCAM26,2026-02,American Badger,0,28
BCAM26,2026-02,Bobcat,0,28
BCAM26,2026-02,Coyote,6,28
BCAM26,2026-02,Domestic Dog,0,28
BCAM26,2026-02,Human,2,28
BCAM26,2026-02,Human-Camera Trapper,2,28
BCAM26,2026-02,Mule Deer,0,28
BCAM26,2026-02,North American River Otter,0,28
BCAM26,2026-02,Northern Elephant Seal,51,28
BCAM26,2026-02,Northern Raccoon,0,28
BCAM26,2026-02,Striped Skunk,0,28
BCAM26,2026-02,Brush Rabbit,0,28
BCAM26,2026-02,Californian Sea Lion,0,28
BCAM26,2026-02,Domestic Cattle,0,28
BCAM26,2026-02,Elk,0,28
BCAM26,2026-02,Black-tailed Jackrabbit,0,28
BCAM26,2026-03,American Badger,0,31
BCAM26,2026-03,Bobcat,0,31
BCAM26,2026-03,Coyote,45,31
BCAM26,2026-03,Domestic Dog,0,31
BCAM26,2026-03,Human,4,31
BCAM26,2026-03,Human-Camera Trapper,0,31
BCAM26,2026-03,Mule Deer,1,31
BCAM26,2026-03,North American River Otter,0,31
BCAM26,2026-03,Northern Elephant Seal,1,31
BCAM26,2026-03,Northern Raccoon,0,31
BCAM26,2026-03,Striped Skunk,0,31
BCAM26,2026-03,Brush Rabbit,0,31
BCAM26,2026-03,Californian Sea Lion,0,31
BCAM26,2026-03,Domestic Cattle,0,31
BCAM26,2026-03,Elk,0,31
BCAM26,2026-03,Black-tailed Jackrabbit,0,31
BCAM26,2026-05,American Badger,0,30
BCAM26,2026-05,Bobcat,0,30
BCAM26,2026-05,Coyote,13,30
BCAM26,2026-05,Domestic Dog,0,30
BCAM26,2026-05,Human,23,30
BCAM26,2026-05,Human-Camera Trapper,1,30
BCAM26,2026-05,Mule Deer,4,30
BCAM26,2026-05,North American River Otter,0,30
BCAM26,2026-05,Northern Elephant Seal,0,30
BCAM26,2026-05,Northern Raccoon,14,30
BCAM26,2026-05,Striped Skunk,0,30
BCAM26,2026-05,Brush Rabbit,0,30
BCAM26,2026-05,Californian Sea Lion,0,30
BCAM26,2026-05,Domestic Cattle,0,30
BCAM26,2026-05,Elk,0,30
BCAM26,2026-05,Black-tailed Jackrabbit,0,30
BCAM26,2024-09,American Badger,0,25
BCAM26,2024-09,Bobcat,0,25
BCAM26,2024-09,Coyote,0,25
BCAM26,2024-09,Domestic Dog,0,25
BCAM26,2024-09,Human,3,25
BCAM26,2024-09,Human-Camera Trapper,1,25
BCAM26,2024-09,Mule Deer,3,25
BCAM26,2024-09,North American River Otter,0,25
BCAM26,2024-09,Northern Elephant Seal,0,25
BCAM26,2024-09,Northern Raccoon,0,25
BCAM26,2024-09,Striped Skunk,0,25
BCAM26,2024-09,Brush Rabbit,0,25
BCAM26,2024-09,Californian Sea Lion,0,25
BCAM26,2024-09,Domestic Cattle,0,25
BCAM26,2024-09,Elk,2,25
BCAM26,2024-09,Black-tailed Jackrabbit,0,25
BCAM26,2024-12,American Badger,0,20
BCAM26,2024-12,Bobcat,0,20
BCAM26,2024-12,Coyote,0,20
BCAM26,2024-12,Domestic Dog,0,20
BCAM26,2024-12,Human,5,20
BCAM26,2024-12,Human-Camera Trapper,1,20
BCAM26,2024-12,Mule Deer,0,20
BCAM26,2024-12,North American River Otter,0,20
BCAM26,2024-12,Northern Elephant Seal,6,20
BCAM26,2024-12,Northern Raccoon,2,20
BCAM26,2024-12,Striped Skunk,0,20
BCAM26,2024-12,Brush Rabbit,0,20
BCAM26,2024-12,Californian Sea Lion,0,20
BCAM26,2024-12,Domestic Cattle,0,20
BCAM26,2024-12,Elk,0,20
BCAM26,2024-12,Black-tailed Jackrabbit,0,20
BCAM27,2025-05,American Badger,0,31
BCAM27,2025-05,Bobcat,0,31
BCAM27,2025-05,Coyote,7,31
BCAM27,2025-05,Domestic Dog,1,31
BCAM27,2025-05,Human,6,31
BCAM27,2025-05,Human-Camera Trapper,0,31
BCAM27,2025-05,Mule Deer,0,31
BCAM27,2025-05,North American River Otter,0,31
BCAM27,2025-05,Northern Elephant Seal,0,31
BCAM27,2025-05,Northern Raccoon,0,31
BCAM27,2025-05,Striped Skunk,0,31
BCAM27,2025-05,Brush Rabbit,0,31
BCAM27,2025-05,Californian Sea Lion,0,31
BCAM27,2025-05,Domestic Cattle,0,31
BCAM27,2025-05,Elk,0,31
BCAM27,2025-05,Black-tailed Jackrabbit,2,31
BCAM27,2025-06,American Badger,0,30
BCAM27,2025-06,Bobcat,1,30
BCAM27,2025-06,Coyote,5,30
BCAM27,2025-06,Domestic Dog,2,30
BCAM27,2025-06,Human,15,30
BCAM27,2025-06,Human-Camera Trapper,5,30
BCAM27,2025-06,Mule Deer,1,30
BCAM27,2025-06,North American River Otter,0,30
BCAM27,2025-06,Northern Elephant Seal,0,30
BCAM27,2025-06,Northern Raccoon,0,30
BCAM27,2025-06,Striped Skunk,0,30
BCAM27,2025-06,Brush Rabbit,0,30
BCAM27,2025-06,Californian Sea Lion,0,30
BCAM27,2025-06,Domestic Cattle,0,30
BCAM27,2025-06,Elk,0,30
BCAM27,2025-06,Black-tailed Jackrabbit,1,30
BCAM27,2026-02,American Badger,0,28
BCAM27,2026-02,Bobcat,0,28
BCAM27,2026-02,Coyote,11,28
BCAM27,2026-02,Domestic Dog,12,28
BCAM27,2026-02,Human,26,28
BCAM27,2026-02,Human-Camera Trapper,3,28
BCAM27,2026-02,Mule Deer,0,28
BCAM27,2026-02,North American River Otter,0,28
BCAM27,2026-02,Northern Elephant Seal,0,28
BCAM27,2026-02,Northern Raccoon,1,28
BCAM27,2026-02,Striped Skunk,1,28
BCAM27,2026-02,Brush Rabbit,0,28
BCAM27,2026-02,Californian Sea Lion,0,28
BCAM27,2026-02,Domestic Cattle,0,28
BCAM27,2026-02,Elk,0,28
BCAM27,2026-02,Black-tailed Jackrabbit,1,28
BCAM27,2026-03,American Badger,0,31
BCAM27,2026-03,Bobcat,0,31
BCAM27,2026-03,Coyote,5,31
BCAM27,2026-03,Domestic Dog,3,31
BCAM27,2026-03,Human,14,31
BCAM27,2026-03,Human-Camera Trapper,0,31
BCAM27,2026-03,Mule Deer,1,31
BCAM27,2026-03,North American River Otter,0,31
BCAM27,2026-03,Northern Elephant Seal,0,31
BCAM27,2026-03,Northern Raccoon,0,31
BCAM27,2026-03,Striped Skunk,0,31
BCAM27,2026-03,Brush Rabbit,0,31
BCAM27,2026-03,Californian Sea Lion,0,31
BCAM27,2026-03,Domestic Cattle,0,31
BCAM27,2026-03,Elk,0,31
BCAM27,2026-03,Black-tailed Jackrabbit,4,31
BCAM27,2026-04,American Badger,0,30
BCAM27,2026-04,Bobcat,0,30
BCAM27,2026-04,Coyote,5,30
BCAM27,2026-04,Domestic Dog,2,30
BCAM27,2026-04,Human,24,30
BCAM27,2026-04,Human-Camera Trapper,3,30
BCAM27,2026-04,Mule Deer,1,30
BCAM27,2026-04,North American River Otter,0,30
BCAM27,2026-04,Northern Elephant Seal,0,30
BCAM27,2026-04,Northern Raccoon,0,30
BCAM27,2026-04,Striped Skunk,0,30
BCAM27,2026-04,Brush Rabbit,0,30
BCAM27,2026-04,Californian Sea Lion,0,30
BCAM27,2026-04,Domestic Cattle,0,30
BCAM27,2026-04,Elk,0,30
BCAM27,2026-04,Black-tailed Jackrabbit,4,30
BCAM27,2026-05,American Badger,0,31
BCAM27,2026-05,Bobcat,0,31
BCAM27,2026-05,Coyote,8,31
BCAM27,2026-05,Domestic Dog,4,31
BCAM27,2026-05,Human,9,31
BCAM27,2026-05,Human-Camera Trapper,2,31
BCAM27,2026-05,Mule Deer,1,31
BCAM27,2026-05,North American River Otter,0,31
BCAM27,2026-05,Northern Elephant Seal,0,31
BCAM27,2026-05,Northern Raccoon,0,31
BCAM27,2026-05,Striped Skunk,0,31
BCAM27,2026-05,Brush Rabbit,0,31
BCAM27,2026-05,Californian Sea Lion,0,31
BCAM27,2026-05,Domestic Cattle,0,31
BCAM27,2026-05,Elk,0,31
BCAM27,2026-05,Black-tailed Jackrabbit,2,31
BCAM27,2025-08,American Badger,0,31
BCAM27,2025-08,Bobcat,1,31
BCAM27,2025-08,Coyote,6,31
BCAM27,2025-08,Domestic Dog,1,31
BCAM27,2025-08,Human,6,31
BCAM27,2025-08,Human-Camera Trapper,3,31
BCAM27,2025-08,Mule Deer,0,31
BCAM27,2025-08,North American River Otter,0,31
BCAM27,2025-08,Northern Elephant Seal,0,31
BCAM27,2025-08,Northern Raccoon,0,31
BCAM27,2025-08,Striped Skunk,0,31
BCAM27,2025-08,Brush Rabbit,0,31
BCAM27,2025-08,Californian Sea Lion,0,31
BCAM27,2025-08,Domestic Cattle,0,31
BCAM27,2025-08,Elk,0,31
BCAM27,2025-08,Black-tailed Jackrabbit,0,31
BCAM27,2025-09,American Badger,0,30
BCAM27,2025-09,Bobcat,1,30
BCAM27,2025-09,Coyote,4,30
BCAM27,2025-09,Domestic Dog,4,30
BCAM27,2025-09,Human,10,30
BCAM27,2025-09,Human-Camera Trapper,2,30
BCAM27,2025-09,Mule Deer,0,30
BCAM27,2025-09,North American River Otter,0,30
BCAM27,2025-09,Northern Elephant Seal,0,30
BCAM27,2025-09,Northern Raccoon,1,30
BCAM27,2025-09,Striped Skunk,0,30
BCAM27,2025-09,Brush Rabbit,0,30
BCAM27,2025-09,Californian Sea Lion,0,30
BCAM27,2025-09,Domestic Cattle,0,30
BCAM27,2025-09,Elk,0,30
BCAM27,2025-09,Black-tailed Jackrabbit,0,30
BCAM27,2025-11,American Badger,0,30
BCAM27,2025-11,Bobcat,2,30
BCAM27,2025-11,Coyote,5,30
BCAM27,2025-11,Domestic Dog,3,30
BCAM27,2025-11,Human,8,30
BCAM27,2025-11,Human-Camera Trapper,0,30
BCAM27,2025-11,Mule Deer,0,30
BCAM27,2025-11,North American River Otter,0,30
BCAM27,2025-11,Northern Elephant Seal,0,30
BCAM27,2025-11,Northern Raccoon,1,30
BCAM27,2025-11,Striped Skunk,2,30
BCAM27,2025-11,Brush Rabbit,0,30
BCAM27,2025-11,Californian Sea Lion,0,30
BCAM27,2025-11,Domestic Cattle,0,30
BCAM27,2025-11,Elk,0,30
BCAM27,2025-11,Black-tailed Jackrabbit,0,30
BCAM27,2025-07,American Badger,0,31
BCAM27,2025-07,Bobcat,0,31
BCAM27,2025-07,Coyote,6,31
BCAM27,2025-07,Domestic Dog,3,31
BCAM27,2025-07,Human,9,31
BCAM27,2025-07,Human-Camera Trapper,0,31
BCAM27,2025-07,Mule Deer,1,31
BCAM27,2025-07,North American River Otter,0,31
BCAM27,2025-07,Northern Elephant Seal,0,31
BCAM27,2025-07,Northern Raccoon,0,31
BCAM27,2025-07,Striped Skunk,0,31
BCAM27,2025-07,Brush Rabbit,0,31
BCAM27,2025-07,Californian Sea Lion,0,31
BCAM27,2025-07,Domestic Cattle,0,31
BCAM27,2025-07,Elk,0,31
BCAM27,2025-07,Black-tailed Jackrabbit,0,31
BCAM27,2025-10,American Badger,0,31
BCAM27,2025-10,Bobcat,0,31
BCAM27,2025-10,Coyote,7,31
BCAM27,2025-10,Domestic Dog,3,31
BCAM27,2025-10,Human,13,31
BCAM27,2025-10,Human-Camera Trapper,2,31
BCAM27,2025-10,Mule Deer,0,31
BCAM27,2025-10,North American River Otter,0,31
BCAM27,2025-10,Northern Elephant Seal,0,31
BCAM27,2025-10,Northern Raccoon,1,31
BCAM27,2025-10,Striped Skunk,0,31
BCAM27,2025-10,Brush Rabbit,0,31
BCAM27,2025-10,Californian Sea Lion,0,31
BCAM27,2025-10,Domestic Cattle,0,31
BCAM27,2025-10,Elk,0,31
BCAM27,2025-10,Black-tailed Jackrabbit,0,31
BCAM27,2025-12,American Badger,0,31
BCAM27,2025-12,Bobcat,0,31
BCAM27,2025-12,Coyote,9,31
BCAM27,2025-12,Domestic Dog,4,31
BCAM27,2025-12,Human,9,31
BCAM27,2025-12,Human-Camera Trapper,3,31
BCAM27,2025-12,Mule Deer,0,31
BCAM27,2025-12,North American River Otter,0,31
BCAM27,2025-12,Northern Elephant Seal,0,31
BCAM27,2025-12,Northern Raccoon,0,31
BCAM27,2025-12,Striped Skunk,0,31
BCAM27,2025-12,Brush Rabbit,0,31
BCAM27,2025-12,Californian Sea Lion,0,31
BCAM27,2025-12,Domestic Cattle,0,31
BCAM27,2025-12,Elk,0,31
BCAM27,2025-12,Black-tailed Jackrabbit,0,31
BCAM27,2026-01,American Badger,0,31
BCAM27,2026-01,Bobcat,0,31
BCAM27,2026-01,Coyote,7,31
BCAM27,2026-01,Domestic Dog,9,31
BCAM27,2026-01,Human,25,31
BCAM27,2026-01,Human-Camera Trapper,4,31
BCAM27,2026-01,Mule Deer,0,31
BCAM27,2026-01,North American River Otter,0,31
BCAM27,2026-01,Northern Elephant Seal,0,31
BCAM27,2026-01,Northern Raccoon,1,31
BCAM27,2026-01,Striped Skunk,0,31
BCAM27,2026-01,Brush Rabbit,0,31
BCAM27,2026-01,Californian Sea Lion,0,31
BCAM27,2026-01,Domestic Cattle,0,31
BCAM27,2026-01,Elk,0,31
BCAM27,2026-01,Black-tailed Jackrabbit,0,31
BCAM27,2025-04,American Badger,0,5
BCAM27,2025-04,Bobcat,0,5
BCAM27,2025-04,Coyote,0,5
BCAM27,2025-04,Domestic Dog,0,5
BCAM27,2025-04,Human,0,5
BCAM27,2025-04,Human-Camera Trapper,1,5
BCAM27,2025-04,Mule Deer,0,5
BCAM27,2025-04,North American River Otter,0,5
BCAM27,2025-04,Northern Elephant Seal,0,5
BCAM27,2025-04,Northern Raccoon,0,5
BCAM27,2025-04,Striped Skunk,0,5
BCAM27,2025-04,Brush Rabbit,0,5
BCAM27,2025-04,Californian Sea Lion,0,5
BCAM27,2025-04,Domestic Cattle,0,5
BCAM27,2025-04,Elk,0,5
BCAM27,2025-04,Black-tailed Jackrabbit,0,5
BCAM3,2024-04,American Badger,1,30
BCAM3,2024-04,Bobcat,2,30
BCAM3,2024-04,Coyote,2,30
BCAM3,2024-04,Domestic Dog,0,30
BCAM3,2024-04,Human,3,30
BCAM3,2024-04,Human-Camera Trapper,1,30
BCAM3,2024-04,Mule Deer,0,30
BCAM3,2024-04,North American River Otter,0,30
BCAM3,2024-04,Northern Elephant Seal,16,30
BCAM3,2024-04,Northern Raccoon,5,30
BCAM3,2024-04,Striped Skunk,0,30
BCAM3,2024-04,Brush Rabbit,0,30
BCAM3,2024-04,Californian Sea Lion,0,30
BCAM3,2024-04,Domestic Cattle,0,30
BCAM3,2024-04,Elk,0,30
BCAM3,2024-04,Black-tailed Jackrabbit,0,30
BCAM3,2025-05,American Badger,1,31
BCAM3,2025-05,Bobcat,0,31
BCAM3,2025-05,Coyote,5,31
BCAM3,2025-05,Domestic Dog,0,31
BCAM3,2025-05,Human,18,31
BCAM3,2025-05,Human-Camera Trapper,0,31
BCAM3,2025-05,Mule Deer,2,31
BCAM3,2025-05,North American River Otter,0,31
BCAM3,2025-05,Northern Elephant Seal,0,31
BCAM3,2025-05,Northern Raccoon,4,31
BCAM3,2025-05,Striped Skunk,0,31
BCAM3,2025-05,Brush Rabbit,0,31
BCAM3,2025-05,Californian Sea Lion,0,31
BCAM3,2025-05,Domestic Cattle,0,31
BCAM3,2025-05,Elk,0,31
BCAM3,2025-05,Black-tailed Jackrabbit,0,31
BCAM3,2023-09,American Badger,0,26
BCAM3,2023-09,Bobcat,1,26
BCAM3,2023-09,Coyote,1,26
BCAM3,2023-09,Domestic Dog,0,26
BCAM3,2023-09,Human,11,26
BCAM3,2023-09,Human-Camera Trapper,3,26
BCAM3,2023-09,Mule Deer,14,26
BCAM3,2023-09,North American River Otter,0,26
BCAM3,2023-09,Northern Elephant Seal,0,26
BCAM3,2023-09,Northern Raccoon,17,26
BCAM3,2023-09,Striped Skunk,0,26
BCAM3,2023-09,Brush Rabbit,29,26
BCAM3,2023-09,Californian Sea Lion,0,26
BCAM3,2023-09,Domestic Cattle,0,26
BCAM3,2023-09,Elk,0,26
BCAM3,2023-09,Black-tailed Jackrabbit,0,26
BCAM3,2023-10,American Badger,0,31
BCAM3,2023-10,Bobcat,1,31
BCAM3,2023-10,Coyote,6,31
BCAM3,2023-10,Domestic Dog,0,31
BCAM3,2023-10,Human,7,31
BCAM3,2023-10,Human-Camera Trapper,1,31
BCAM3,2023-10,Mule Deer,6,31
BCAM3,2023-10,North American River Otter,0,31
BCAM3,2023-10,Northern Elephant Seal,0,31
BCAM3,2023-10,Northern Raccoon,31,31
BCAM3,2023-10,Striped Skunk,0,31
BCAM3,2023-10,Brush Rabbit,7,31
BCAM3,2023-10,Californian Sea Lion,0,31
BCAM3,2023-10,Domestic Cattle,0,31
BCAM3,2023-10,Elk,0,31
BCAM3,2023-10,Black-tailed Jackrabbit,0,31
BCAM3,2023-11,American Badger,0,30
BCAM3,2023-11,Bobcat,2,30
BCAM3,2023-11,Coyote,6,30
BCAM3,2023-11,Domestic Dog,0,30
BCAM3,2023-11,Human,6,30
BCAM3,2023-11,Human-Camera Trapper,2,30
BCAM3,2023-11,Mule Deer,0,30
BCAM3,2023-11,North American River Otter,0,30
BCAM3,2023-11,Northern Elephant Seal,0,30
BCAM3,2023-11,Northern Raccoon,49,30
BCAM3,2023-11,Striped Skunk,0,30
BCAM3,2023-11,Brush Rabbit,21,30
BCAM3,2023-11,Californian Sea Lion,0,30
BCAM3,2023-11,Domestic Cattle,0,30
BCAM3,2023-11,Elk,0,30
BCAM3,2023-11,Black-tailed Jackrabbit,0,30
BCAM3,2024-05,American Badger,0,24
BCAM3,2024-05,Bobcat,3,24
BCAM3,2024-05,Coyote,1,24
BCAM3,2024-05,Domestic Dog,0,24
BCAM3,2024-05,Human,23,24
BCAM3,2024-05,Human-Camera Trapper,2,24
BCAM3,2024-05,Mule Deer,1,24
BCAM3,2024-05,North American River Otter,0,24
BCAM3,2024-05,Northern Elephant Seal,0,24
BCAM3,2024-05,Northern Raccoon,17,24
BCAM3,2024-05,Striped Skunk,0,24
BCAM3,2024-05,Brush Rabbit,0,24
BCAM3,2024-05,Californian Sea Lion,0,24
BCAM3,2024-05,Domestic Cattle,0,24
BCAM3,2024-05,Elk,0,24
BCAM3,2024-05,Black-tailed Jackrabbit,0,24
BCAM3,2024-07,American Badger,0,31
BCAM3,2024-07,Bobcat,1,31
BCAM3,2024-07,Coyote,1,31
BCAM3,2024-07,Domestic Dog,0,31
BCAM3,2024-07,Human,12,31
BCAM3,2024-07,Human-Camera Trapper,0,31
BCAM3,2024-07,Mule Deer,14,31
BCAM3,2024-07,North American River Otter,0,31
BCAM3,2024-07,Northern Elephant Seal,0,31
BCAM3,2024-07,Northern Raccoon,29,31
BCAM3,2024-07,Striped Skunk,0,31
BCAM3,2024-07,Brush Rabbit,0,31
BCAM3,2024-07,Californian Sea Lion,0,31
BCAM3,2024-07,Domestic Cattle,0,31
BCAM3,2024-07,Elk,0,31
BCAM3,2024-07,Black-tailed Jackrabbit,0,31
BCAM3,2024-08,American Badger,0,21
BCAM3,2024-08,Bobcat,1,21
BCAM3,2024-08,Coyote,0,21
BCAM3,2024-08,Domestic Dog,0,21
BCAM3,2024-08,Human,2,21
BCAM3,2024-08,Human-Camera Trapper,2,21
BCAM3,2024-08,Mule Deer,3,21
BCAM3,2024-08,North American River Otter,0,21
BCAM3,2024-08,Northern Elephant Seal,0,21
BCAM3,2024-08,Northern Raccoon,4,21
BCAM3,2024-08,Striped Skunk,0,21
BCAM3,2024-08,Brush Rabbit,0,21
BCAM3,2024-08,Californian Sea Lion,0,21
BCAM3,2024-08,Domestic Cattle,0,21
BCAM3,2024-08,Elk,0,21
BCAM3,2024-08,Black-tailed Jackrabbit,0,21
BCAM3,2024-10,American Badger,0,31
BCAM3,2024-10,Bobcat,1,31
BCAM3,2024-10,Coyote,0,31
BCAM3,2024-10,Domestic Dog,0,31
BCAM3,2024-10,Human,4,31
BCAM3,2024-10,Human-Camera Trapper,2,31
BCAM3,2024-10,Mule Deer,14,31
BCAM3,2024-10,North American River Otter,1,31
BCAM3,2024-10,Northern Elephant Seal,0,31
BCAM3,2024-10,Northern Raccoon,26,31
BCAM3,2024-10,Striped Skunk,0,31
BCAM3,2024-10,Brush Rabbit,0,31
BCAM3,2024-10,Californian Sea Lion,0,31
BCAM3,2024-10,Domestic Cattle,0,31
BCAM3,2024-10,Elk,0,31
BCAM3,2024-10,Black-tailed Jackrabbit,0,31
BCAM3,2024-11,American Badger,0,30
BCAM3,2024-11,Bobcat,1,30
BCAM3,2024-11,Coyote,5,30
BCAM3,2024-11,Domestic Dog,0,30
BCAM3,2024-11,Human,8,30
BCAM3,2024-11,Human-Camera Trapper,2,30
BCAM3,2024-11,Mule Deer,10,30
BCAM3,2024-11,North American River Otter,1,30
BCAM3,2024-11,Northern Elephant Seal,0,30
BCAM3,2024-11,Northern Raccoon,34,30
BCAM3,2024-11,Striped Skunk,0,30
BCAM3,2024-11,Brush Rabbit,0,30
BCAM3,2024-11,Californian Sea Lion,0,30
BCAM3,2024-11,Domestic Cattle,0,30
BCAM3,2024-11,Elk,0,30
BCAM3,2024-11,Black-tailed Jackrabbit,0,30
BCAM3,2025-10,American Badger,0,31
BCAM3,2025-10,Bobcat,1,31
BCAM3,2025-10,Coyote,3,31
BCAM3,2025-10,Domestic Dog,0,31
BCAM3,2025-10,Human,1,31
BCAM3,2025-10,Human-Camera Trapper,2,31
BCAM3,2025-10,Mule Deer,20,31
BCAM3,2025-10,North American River Otter,1,31
BCAM3,2025-10,Northern Elephant Seal,0,31
BCAM3,2025-10,Northern Raccoon,6,31
BCAM3,2025-10,Striped Skunk,0,31
BCAM3,2025-10,Brush Rabbit,0,31
BCAM3,2025-10,Californian Sea Lion,0,31
BCAM3,2025-10,Domestic Cattle,0,31
BCAM3,2025-10,Elk,0,31
BCAM3,2025-10,Black-tailed Jackrabbit,0,31
BCAM3,2025-11,American Badger,0,30
BCAM3,2025-11,Bobcat,1,30
BCAM3,2025-11,Coyote,2,30
BCAM3,2025-11,Domestic Dog,0,30
BCAM3,2025-11,Human,1,30
BCAM3,2025-11,Human-Camera Trapper,0,30
BCAM3,2025-11,Mule Deer,4,30
BCAM3,2025-11,North American River Otter,0,30
BCAM3,2025-11,Northern Elephant Seal,0,30
BCAM3,2025-11,Northern Raccoon,6,30
BCAM3,2025-11,Striped Skunk,0,30
BCAM3,2025-11,Brush Rabbit,0,30
BCAM3,2025-11,Californian Sea Lion,0,30
BCAM3,2025-11,Domestic Cattle,0,30
BCAM3,2025-11,Elk,0,30
BCAM3,2025-11,Black-tailed Jackrabbit,0,30
BCAM3,2023-12,American Badger,0,21
BCAM3,2023-12,Bobcat,0,21
BCAM3,2023-12,Coyote,7,21
BCAM3,2023-12,Domestic Dog,0,21
BCAM3,2023-12,Human,4,21
BCAM3,2023-12,Human-Camera Trapper,0,21
BCAM3,2023-12,Mule Deer,1,21
BCAM3,2023-12,North American River Otter,0,21
BCAM3,2023-12,Northern Elephant Seal,0,21
BCAM3,2023-12,Northern Raccoon,20,21
BCAM3,2023-12,Striped Skunk,0,21
BCAM3,2023-12,Brush Rabbit,19,21
BCAM3,2023-12,Californian Sea Lion,0,21
BCAM3,2023-12,Domestic Cattle,0,21
BCAM3,2023-12,Elk,0,21
BCAM3,2023-12,Black-tailed Jackrabbit,0,21
BCAM3,2024-01,American Badger,0,19
BCAM3,2024-01,Bobcat,0,19
BCAM3,2024-01,Coyote,1,19
BCAM3,2024-01,Domestic Dog,0,19
BCAM3,2024-01,Human,0,19
BCAM3,2024-01,Human-Camera Trapper,3,19
BCAM3,2024-01,Mule Deer,0,19
BCAM3,2024-01,North American River Otter,0,19
BCAM3,2024-01,Northern Elephant Seal,0,19
BCAM3,2024-01,Northern Raccoon,0,19
BCAM3,2024-01,Striped Skunk,0,19
BCAM3,2024-01,Brush Rabbit,8,19
BCAM3,2024-01,Californian Sea Lion,0,19
BCAM3,2024-01,Domestic Cattle,0,19
BCAM3,2024-01,Elk,0,19
BCAM3,2024-01,Black-tailed Jackrabbit,0,19
BCAM3,2024-02,American Badger,0,29
BCAM3,2024-02,Bobcat,0,29
BCAM3,2024-02,Coyote,5,29
BCAM3,2024-02,Domestic Dog,0,29
BCAM3,2024-02,Human,0,29
BCAM3,2024-02,Human-Camera Trapper,1,29
BCAM3,2024-02,Mule Deer,0,29
BCAM3,2024-02,North American River Otter,0,29
BCAM3,2024-02,Northern Elephant Seal,51,29
BCAM3,2024-02,Northern Raccoon,0,29
BCAM3,2024-02,Striped Skunk,0,29
BCAM3,2024-02,Brush Rabbit,1,29
BCAM3,2024-02,Californian Sea Lion,0,29
BCAM3,2024-02,Domestic Cattle,0,29
BCAM3,2024-02,Elk,0,29
BCAM3,2024-02,Black-tailed Jackrabbit,0,29
BCAM3,2025-07,American Badger,0,31
BCAM3,2025-07,Bobcat,0,31
BCAM3,2025-07,Coyote,5,31
BCAM3,2025-07,Domestic Dog,0,31
BCAM3,2025-07,Human,11,31
BCAM3,2025-07,Human-Camera Trapper,0,31
BCAM3,2025-07,Mule Deer,26,31
BCAM3,2025-07,North American River Otter,2,31
BCAM3,2025-07,Northern Elephant Seal,0,31
BCAM3,2025-07,Northern Raccoon,2,31
BCAM3,2025-07,Striped Skunk,0,31
BCAM3,2025-07,Brush Rabbit,3,31
BCAM3,2025-07,Californian Sea Lion,0,31
BCAM3,2025-07,Domestic Cattle,0,31
BCAM3,2025-07,Elk,0,31
BCAM3,2025-07,Black-tailed Jackrabbit,0,31
BCAM3,2026-04,American Badger,0,30
BCAM3,2026-04,Bobcat,0,30
BCAM3,2026-04,Coyote,3,30
BCAM3,2026-04,Domestic Dog,0,30
BCAM3,2026-04,Human,8,30
BCAM3,2026-04,Human-Camera Trapper,1,30
BCAM3,2026-04,Mule Deer,7,30
BCAM3,2026-04,North American River Otter,0,30
BCAM3,2026-04,Northern Elephant Seal,0,30
BCAM3,2026-04,Northern Raccoon,5,30
BCAM3,2026-04,Striped Skunk,0,30
BCAM3,2026-04,Brush Rabbit,1,30
BCAM3,2026-04,Californian Sea Lion,0,30
BCAM3,2026-04,Domestic Cattle,0,30
BCAM3,2026-04,Elk,0,30
BCAM3,2026-04,Black-tailed Jackrabbit,0,30
BCAM3,2023-01,American Badger,0,31
BCAM3,2023-01,Bobcat,0,31
BCAM3,2023-01,Coyote,1,31
BCAM3,2023-01,Domestic Dog,0,31
BCAM3,2023-01,Human,2,31
BCAM3,2023-01,Human-Camera Trapper,0,31
BCAM3,2023-01,Mule Deer,1,31
BCAM3,2023-01,North American River Otter,0,31
BCAM3,2023-01,Northern Elephant Seal,72,31
BCAM3,2023-01,Northern Raccoon,0,31
BCAM3,2023-01,Striped Skunk,0,31
BCAM3,2023-01,Brush Rabbit,0,31
BCAM3,2023-01,Californian Sea Lion,0,31
BCAM3,2023-01,Domestic Cattle,0,31
BCAM3,2023-01,Elk,0,31
BCAM3,2023-01,Black-tailed Jackrabbit,0,31
BCAM3,2023-02,American Badger,0,27
BCAM3,2023-02,Bobcat,0,27
BCAM3,2023-02,Coyote,4,27
BCAM3,2023-02,Domestic Dog,0,27
BCAM3,2023-02,Human,1,27
BCAM3,2023-02,Human-Camera Trapper,0,27
BCAM3,2023-02,Mule Deer,0,27
BCAM3,2023-02,North American River Otter,0,27
BCAM3,2023-02,Northern Elephant Seal,68,27
BCAM3,2023-02,Northern Raccoon,0,27
BCAM3,2023-02,Striped Skunk,0,27
BCAM3,2023-02,Brush Rabbit,0,27
BCAM3,2023-02,Californian Sea Lion,0,27
BCAM3,2023-02,Domestic Cattle,0,27
BCAM3,2023-02,Elk,0,27
BCAM3,2023-02,Black-tailed Jackrabbit,0,27
BCAM3,2024-03,American Badger,0,28
BCAM3,2024-03,Bobcat,0,28
BCAM3,2024-03,Coyote,3,28
BCAM3,2024-03,Domestic Dog,0,28
BCAM3,2024-03,Human,0,28
BCAM3,2024-03,Human-Camera Trapper,1,28
BCAM3,2024-03,Mule Deer,0,28
BCAM3,2024-03,North American River Otter,0,28
BCAM3,2024-03,Northern Elephant Seal,85,28
BCAM3,2024-03,Northern Raccoon,0,28
BCAM3,2024-03,Striped Skunk,0,28
BCAM3,2024-03,Brush Rabbit,0,28
BCAM3,2024-03,Californian Sea Lion,0,28
BCAM3,2024-03,Domestic Cattle,0,28
BCAM3,2024-03,Elk,0,28
BCAM3,2024-03,Black-tailed Jackrabbit,0,28
BCAM3,2024-06,American Badger,0,30
BCAM3,2024-06,Bobcat,0,30
BCAM3,2024-06,Coyote,1,30
BCAM3,2024-06,Domestic Dog,0,30
BCAM3,2024-06,Human,26,30
BCAM3,2024-06,Human-Camera Trapper,3,30
BCAM3,2024-06,Mule Deer,3,30
BCAM3,2024-06,North American River Otter,0,30
BCAM3,2024-06,Northern Elephant Seal,0,30
BCAM3,2024-06,Northern Raccoon,28,30
BCAM3,2024-06,Striped Skunk,0,30
BCAM3,2024-06,Brush Rabbit,0,30
BCAM3,2024-06,Californian Sea Lion,0,30
BCAM3,2024-06,Domestic Cattle,0,30
BCAM3,2024-06,Elk,0,30
BCAM3,2024-06,Black-tailed Jackrabbit,0,30
BCAM3,2024-09,American Badger,0,25
BCAM3,2024-09,Bobcat,0,25
BCAM3,2024-09,Coyote,3,25
BCAM3,2024-09,Domestic Dog,0,25
BCAM3,2024-09,Human,4,25
BCAM3,2024-09,Human-Camera Trapper,1,25
BCAM3,2024-09,Mule Deer,16,25
BCAM3,2024-09,North American River Otter,0,25
BCAM3,2024-09,Northern Elephant Seal,0,25
BCAM3,2024-09,Northern Raccoon,6,25
BCAM3,2024-09,Striped Skunk,0,25
BCAM3,2024-09,Brush Rabbit,0,25
BCAM3,2024-09,Californian Sea Lion,0,25
BCAM3,2024-09,Domestic Cattle,0,25
BCAM3,2024-09,Elk,0,25
BCAM3,2024-09,Black-tailed Jackrabbit,0,25
BCAM3,2024-12,American Badger,0,31
BCAM3,2024-12,Bobcat,0,31
BCAM3,2024-12,Coyote,4,31
BCAM3,2024-12,Domestic Dog,0,31
BCAM3,2024-12,Human,4,31
BCAM3,2024-12,Human-Camera Trapper,2,31
BCAM3,2024-12,Mule Deer,3,31
BCAM3,2024-12,North American River Otter,0,31
BCAM3,2024-12,Northern Elephant Seal,3,31
BCAM3,2024-12,Northern Raccoon,21,31
BCAM3,2024-12,Striped Skunk,0,31
BCAM3,2024-12,Brush Rabbit,0,31
BCAM3,2024-12,Californian Sea Lion,0,31
BCAM3,2024-12,Domestic Cattle,0,31
BCAM3,2024-12,Elk,0,31
BCAM3,2024-12,Black-tailed Jackrabbit,0,31
BCAM3,2025-01,American Badger,0,31
BCAM3,2025-01,Bobcat,0,31
BCAM3,2025-01,Coyote,15,31
BCAM3,2025-01,Domestic Dog,0,31
BCAM3,2025-01,Human,1,31
BCAM3,2025-01,Human-Camera Trapper,2,31
BCAM3,2025-01,Mule Deer,0,31
BCAM3,2025-01,North American River Otter,0,31
BCAM3,2025-01,Northern Elephant Seal,4,31
BCAM3,2025-01,Northern Raccoon,1,31
BCAM3,2025-01,Striped Skunk,0,31
BCAM3,2025-01,Brush Rabbit,0,31
BCAM3,2025-01,Californian Sea Lion,0,31
BCAM3,2025-01,Domestic Cattle,0,31
BCAM3,2025-01,Elk,0,31
BCAM3,2025-01,Black-tailed Jackrabbit,0,31
BCAM3,2025-02,American Badger,0,28
BCAM3,2025-02,Bobcat,0,28
BCAM3,2025-02,Coyote,7,28
BCAM3,2025-02,Domestic Dog,0,28
BCAM3,2025-02,Human,0,28
BCAM3,2025-02,Human-Camera Trapper,3,28
BCAM3,2025-02,Mule Deer,0,28
BCAM3,2025-02,North American River Otter,0,28
BCAM3,2025-02,Northern Elephant Seal,17,28
BCAM3,2025-02,Northern Raccoon,1,28
BCAM3,2025-02,Striped Skunk,0,28
BCAM3,2025-02,Brush Rabbit,0,28
BCAM3,2025-02,Californian Sea Lion,0,28
BCAM3,2025-02,Domestic Cattle,0,28
BCAM3,2025-02,Elk,0,28
BCAM3,2025-02,Black-tailed Jackrabbit,0,28
BCAM3,2025-03,American Badger,0,31
BCAM3,2025-03,Bobcat,0,31
BCAM3,2025-03,Coyote,3,31
BCAM3,2025-03,Domestic Dog,0,31
BCAM3,2025-03,Human,12,31
BCAM3,2025-03,Human-Camera Trapper,2,31
BCAM3,2025-03,Mule Deer,0,31
BCAM3,2025-03,North American River Otter,0,31
BCAM3,2025-03,Northern Elephant Seal,15,31
BCAM3,2025-03,Northern Raccoon,0,31
BCAM3,2025-03,Striped Skunk,0,31
BCAM3,2025-03,Brush Rabbit,0,31
BCAM3,2025-03,Californian Sea Lion,0,31
BCAM3,2025-03,Domestic Cattle,0,31
BCAM3,2025-03,Elk,0,31
BCAM3,2025-03,Black-tailed Jackrabbit,0,31
BCAM3,2025-04,American Badger,0,30
BCAM3,2025-04,Bobcat,0,30
BCAM3,2025-04,Coyote,7,30
BCAM3,2025-04,Domestic Dog,0,30
BCAM3,2025-04,Human,11,30
BCAM3,2025-04,Human-Camera Trapper,2,30
BCAM3,2025-04,Mule Deer,4,30
BCAM3,2025-04,North American River Otter,0,30
BCAM3,2025-04,Northern Elephant Seal,0,30
BCAM3,2025-04,Northern Raccoon,5,30
BCAM3,2025-04,Striped Skunk,0,30
BCAM3,2025-04,Brush Rabbit,0,30
BCAM3,2025-04,Californian Sea Lion,0,30
BCAM3,2025-04,Domestic Cattle,0,30
BCAM3,2025-04,Elk,0,30
BCAM3,2025-04,Black-tailed Jackrabbit,0,30
BCAM3,2025-06,American Badger,0,30
BCAM3,2025-06,Bobcat,0,30
BCAM3,2025-06,Coyote,1,30
BCAM3,2025-06,Domestic Dog,0,30
BCAM3,2025-06,Human,14,30
BCAM3,2025-06,Human-Camera Trapper,4,30
BCAM3,2025-06,Mule Deer,11,30
BCAM3,2025-06,North American River Otter,3,30
BCAM3,2025-06,Northern Elephant Seal,0,30
BCAM3,2025-06,Northern Raccoon,2,30
BCAM3,2025-06,Striped Skunk,0,30
BCAM3,2025-06,Brush Rabbit,0,30
BCAM3,2025-06,Californian Sea Lion,0,30
BCAM3,2025-06,Domestic Cattle,0,30
BCAM3,2025-06,Elk,0,30
BCAM3,2025-06,Black-tailed Jackrabbit,0,30
BCAM3,2025-08,American Badger,0,31
BCAM3,2025-08,Bobcat,0,31
BCAM3,2025-08,Coyote,10,31
BCAM3,2025-08,Domestic Dog,0,31
BCAM3,2025-08,Human,6,31
BCAM3,2025-08,Human-Camera Trapper,2,31
BCAM3,2025-08,Mule Deer,27,31
BCAM3,2025-08,North American River Otter,0,31
BCAM3,2025-08,Northern Elephant Seal,0,31
BCAM3,2025-08,Northern Raccoon,0,31
BCAM3,2025-08,Striped Skunk,0,31
BCAM3,2025-08,Brush Rabbit,0,31
BCAM3,2025-08,Californian Sea Lion,0,31
BCAM3,2025-08,Domestic Cattle,0,31
BCAM3,2025-08,Elk,12,31
BCAM3,2025-08,Black-tailed Jackrabbit,0,31
BCAM3,2025-09,American Badger,0,30
BCAM3,2025-09,Bobcat,0,30
BCAM3,2025-09,Coyote,9,30
BCAM3,2025-09,Domestic Dog,0,30
BCAM3,2025-09,Human,1,30
BCAM3,2025-09,Human-Camera Trapper,2,30
BCAM3,2025-09,Mule Deer,27,30
BCAM3,2025-09,North American River Otter,0,30
BCAM3,2025-09,Northern Elephant Seal,0,30
BCAM3,2025-09,Northern Raccoon,2,30
BCAM3,2025-09,Striped Skunk,0,30
BCAM3,2025-09,Brush Rabbit,0,30
BCAM3,2025-09,Californian Sea Lion,0,30
BCAM3,2025-09,Domestic Cattle,0,30
BCAM3,2025-09,Elk,3,30
BCAM3,2025-09,Black-tailed Jackrabbit,0,30
BCAM3,2025-12,American Badger,0,31
BCAM3,2025-12,Bobcat,0,31
BCAM3,2025-12,Coyote,12,31
BCAM3,2025-12,Domestic Dog,0,31
BCAM3,2025-12,Human,1,31
BCAM3,2025-12,Human-Camera Trapper,2,31
BCAM3,2025-12,Mule Deer,4,31
BCAM3,2025-12,North American River Otter,0,31
BCAM3,2025-12,Northern Elephant Seal,0,31
BCAM3,2025-12,Northern Raccoon,3,31
BCAM3,2025-12,Striped Skunk,0,31
BCAM3,2025-12,Brush Rabbit,0,31
BCAM3,2025-12,Californian Sea Lion,0,31
BCAM3,2025-12,Domestic Cattle,0,31
BCAM3,2025-12,Elk,0,31
BCAM3,2025-12,Black-tailed Jackrabbit,0,31
BCAM3,2026-01,American Badger,0,31
BCAM3,2026-01,Bobcat,0,31
BCAM3,2026-01,Coyote,8,31
BCAM3,2026-01,Domestic Dog,0,31
BCAM3,2026-01,Human,0,31
BCAM3,2026-01,Human-Camera Trapper,2,31
BCAM3,2026-01,Mule Deer,0,31
BCAM3,2026-01,North American River Otter,1,31
BCAM3,2026-01,Northern Elephant Seal,40,31
BCAM3,2026-01,Northern Raccoon,0,31
BCAM3,2026-01,Striped Skunk,0,31
BCAM3,2026-01,Brush Rabbit,0,31
BCAM3,2026-01,Californian Sea Lion,0,31
BCAM3,2026-01,Domestic Cattle,0,31
BCAM3,2026-01,Elk,0,31
BCAM3,2026-01,Black-tailed Jackrabbit,0,31
BCAM3,2026-02,American Badger,0,28
BCAM3,2026-02,Bobcat,0,28
BCAM3,2026-02,Coyote,7,28
BCAM3,2026-02,Domestic Dog,0,28
BCAM3,2026-02,Human,0,28
BCAM3,2026-02,Human-Camera Trapper,2,28
BCAM3,2026-02,Mule Deer,0,28
BCAM3,2026-02,North American River Otter,0,28
BCAM3,2026-02,Northern Elephant Seal,11,28
BCAM3,2026-02,Northern Raccoon,0,28
BCAM3,2026-02,Striped Skunk,0,28
BCAM3,2026-02,Brush Rabbit,0,28
BCAM3,2026-02,Californian Sea Lion,0,28
BCAM3,2026-02,Domestic Cattle,0,28
BCAM3,2026-02,Elk,0,28
BCAM3,2026-02,Black-tailed Jackrabbit,0,28
BCAM3,2026-03,American Badger,0,31
BCAM3,2026-03,Bobcat,0,31
BCAM3,2026-03,Coyote,9,31
BCAM3,2026-03,Domestic Dog,0,31
BCAM3,2026-03,Human,9,31
BCAM3,2026-03,Human-Camera Trapper,0,31
BCAM3,2026-03,Mule Deer,0,31
BCAM3,2026-03,North American River Otter,0,31
BCAM3,2026-03,Northern Elephant Seal,1,31
BCAM3,2026-03,Northern Raccoon,1,31
BCAM3,2026-03,Striped Skunk,0,31
BCAM3,2026-03,Brush Rabbit,0,31
BCAM3,2026-03,Californian Sea Lion,0,31
BCAM3,2026-03,Domestic Cattle,0,31
BCAM3,2026-03,Elk,0,31
BCAM3,2026-03,Black-tailed Jackrabbit,0,31
BCAM3,2026-05,American Badger,0,30
BCAM3,2026-05,Bobcat,0,30
BCAM3,2026-05,Coyote,7,30
BCAM3,2026-05,Domestic Dog,0,30
BCAM3,2026-05,Human,22,30
BCAM3,2026-05,Human-Camera Trapper,1,30
BCAM3,2026-05,Mule Deer,7,30
BCAM3,2026-05,North American River Otter,0,30
BCAM3,2026-05,Northern Elephant Seal,0,30
BCAM3,2026-05,Northern Raccoon,14,30
BCAM3,2026-05,Striped Skunk,0,30
BCAM3,2026-05,Brush Rabbit,0,30
BCAM3,2026-05,Californian Sea Lion,0,30
BCAM3,2026-05,Domestic Cattle,0,30
BCAM3,2026-05,Elk,0,30
BCAM3,2026-05,Black-tailed Jackrabbit,0,30
BCAM3,2022-12,American Badger,0,11
BCAM3,2022-12,Bobcat,0,11
BCAM3,2022-12,Coyote,0,11
BCAM3,2022-12,Domestic Dog,0,11
BCAM3,2022-12,Human,2,11
BCAM3,2022-12,Human-Camera Trapper,1,11
BCAM3,2022-12,Mule Deer,0,11
BCAM3,2022-12,North American River Otter,0,11
BCAM3,2022-12,Northern Elephant Seal,0,11
BCAM3,2022-12,Northern Raccoon,2,11
BCAM3,2022-12,Striped Skunk,0,11
BCAM3,2022-12,Brush Rabbit,0,11
BCAM3,2022-12,Californian Sea Lion,0,11
BCAM3,2022-12,Domestic Cattle,0,11
BCAM3,2022-12,Elk,0,11
BCAM3,2022-12,Black-tailed Jackrabbit,0,11
BCAM4,2023-12,American Badger,1,31
BCAM4,2023-12,Bobcat,5,31
BCAM4,2023-12,Coyote,7,31
BCAM4,2023-12,Domestic Dog,0,31
BCAM4,2023-12,Human,6,31
BCAM4,2023-12,Human-Camera Trapper,2,31
BCAM4,2023-12,Mule Deer,5,31
BCAM4,2023-12,North American River Otter,0,31
BCAM4,2023-12,Northern Elephant Seal,20,31
BCAM4,2023-12,Northern Raccoon,10,31
BCAM4,2023-12,Striped Skunk,0,31
BCAM4,2023-12,Brush Rabbit,0,31
BCAM4,2023-12,Californian Sea Lion,0,31
BCAM4,2023-12,Domestic Cattle,0,31
BCAM4,2023-12,Elk,0,31
BCAM4,2023-12,Black-tailed Jackrabbit,0,31
BCAM4,2023-09,American Badger,0,26
BCAM4,2023-09,Bobcat,1,26
BCAM4,2023-09,Coyote,16,26
BCAM4,2023-09,Domestic Dog,0,26
BCAM4,2023-09,Human,8,26
BCAM4,2023-09,Human-Camera Trapper,4,26
BCAM4,2023-09,Mule Deer,23,26
BCAM4,2023-09,North American River Otter,0,26
BCAM4,2023-09,Northern Elephant Seal,0,26
BCAM4,2023-09,Northern Raccoon,5,26
BCAM4,2023-09,Striped Skunk,1,26
BCAM4,2023-09,Brush Rabbit,0,26
BCAM4,2023-09,Californian Sea Lion,0,26
BCAM4,2023-09,Domestic Cattle,0,26
BCAM4,2023-09,Elk,0,26
BCAM4,2023-09,Black-tailed Jackrabbit,0,26
BCAM4,2023-10,American Badger,0,31
BCAM4,2023-10,Bobcat,5,31
BCAM4,2023-10,Coyote,13,31
BCAM4,2023-10,Domestic Dog,0,31
BCAM4,2023-10,Human,10,31
BCAM4,2023-10,Human-Camera Trapper,1,31
BCAM4,2023-10,Mule Deer,12,31
BCAM4,2023-10,North American River Otter,1,31
BCAM4,2023-10,Northern Elephant Seal,0,31
BCAM4,2023-10,Northern Raccoon,8,31
BCAM4,2023-10,Striped Skunk,2,31
BCAM4,2023-10,Brush Rabbit,0,31
BCAM4,2023-10,Californian Sea Lion,0,31
BCAM4,2023-10,Domestic Cattle,0,31
BCAM4,2023-10,Elk,0,31
BCAM4,2023-10,Black-tailed Jackrabbit,0,31
BCAM4,2023-11,American Badger,0,30
BCAM4,2023-11,Bobcat,3,30
BCAM4,2023-11,Coyote,8,30
BCAM4,2023-11,Domestic Dog,0,30
BCAM4,2023-11,Human,8,30
BCAM4,2023-11,Human-Camera Trapper,2,30
BCAM4,2023-11,Mule Deer,7,30
BCAM4,2023-11,North American River Otter,2,30
BCAM4,2023-11,Northern Elephant Seal,1,30
BCAM4,2023-11,Northern Raccoon,10,30
BCAM4,2023-11,Striped Skunk,2,30
BCAM4,2023-11,Brush Rabbit,0,30
BCAM4,2023-11,Californian Sea Lion,0,30
BCAM4,2023-11,Domestic Cattle,0,30
BCAM4,2023-11,Elk,0,30
BCAM4,2023-11,Black-tailed Jackrabbit,0,30
BCAM4,2024-01,American Badger,0,31
BCAM4,2024-01,Bobcat,2,31
BCAM4,2024-01,Coyote,33,31
BCAM4,2024-01,Domestic Dog,0,31
BCAM4,2024-01,Human,1,31
BCAM4,2024-01,Human-Camera Trapper,5,31
BCAM4,2024-01,Mule Deer,1,31
BCAM4,2024-01,North American River Otter,0,31
BCAM4,2024-01,Northern Elephant Seal,36,31
BCAM4,2024-01,Northern Raccoon,1,31
BCAM4,2024-01,Striped Skunk,1,31
BCAM4,2024-01,Brush Rabbit,0,31
BCAM4,2024-01,Californian Sea Lion,0,31
BCAM4,2024-01,Domestic Cattle,0,31
BCAM4,2024-01,Elk,0,31
BCAM4,2024-01,Black-tailed Jackrabbit,0,31
BCAM4,2024-03,American Badger,0,31
BCAM4,2024-03,Bobcat,1,31
BCAM4,2024-03,Coyote,12,31
BCAM4,2024-03,Domestic Dog,0,31
BCAM4,2024-03,Human,0,31
BCAM4,2024-03,Human-Camera Trapper,2,31
BCAM4,2024-03,Mule Deer,1,31
BCAM4,2024-03,North American River Otter,0,31
BCAM4,2024-03,Northern Elephant Seal,114,31
BCAM4,2024-03,Northern Raccoon,0,31
BCAM4,2024-03,Striped Skunk,0,31
BCAM4,2024-03,Brush Rabbit,0,31
BCAM4,2024-03,Californian Sea Lion,0,31
BCAM4,2024-03,Domestic Cattle,0,31
BCAM4,2024-03,Elk,0,31
BCAM4,2024-03,Black-tailed Jackrabbit,0,31
BCAM4,2024-04,American Badger,0,30
BCAM4,2024-04,Bobcat,2,30
BCAM4,2024-04,Coyote,22,30
BCAM4,2024-04,Domestic Dog,0,30
BCAM4,2024-04,Human,1,30
BCAM4,2024-04,Human-Camera Trapper,3,30
BCAM4,2024-04,Mule Deer,3,30
BCAM4,2024-04,North American River Otter,0,30
BCAM4,2024-04,Northern Elephant Seal,4,30
BCAM4,2024-04,Northern Raccoon,0,30
BCAM4,2024-04,Striped Skunk,0,30
BCAM4,2024-04,Brush Rabbit,0,30
BCAM4,2024-04,Californian Sea Lion,0,30
BCAM4,2024-04,Domestic Cattle,0,30
BCAM4,2024-04,Elk,0,30
BCAM4,2024-04,Black-tailed Jackrabbit,0,30
BCAM4,2024-06,American Badger,0,30
BCAM4,2024-06,Bobcat,3,30
BCAM4,2024-06,Coyote,8,30
BCAM4,2024-06,Domestic Dog,0,30
BCAM4,2024-06,Human,12,30
BCAM4,2024-06,Human-Camera Trapper,5,30
BCAM4,2024-06,Mule Deer,5,30
BCAM4,2024-06,North American River Otter,0,30
BCAM4,2024-06,Northern Elephant Seal,0,30
BCAM4,2024-06,Northern Raccoon,1,30
BCAM4,2024-06,Striped Skunk,1,30
BCAM4,2024-06,Brush Rabbit,0,30
BCAM4,2024-06,Californian Sea Lion,0,30
BCAM4,2024-06,Domestic Cattle,0,30
BCAM4,2024-06,Elk,0,30
BCAM4,2024-06,Black-tailed Jackrabbit,0,30
BCAM4,2024-07,American Badger,0,31
BCAM4,2024-07,Bobcat,3,31
BCAM4,2024-07,Coyote,8,31
BCAM4,2024-07,Domestic Dog,0,31
BCAM4,2024-07,Human,20,31
BCAM4,2024-07,Human-Camera Trapper,0,31
BCAM4,2024-07,Mule Deer,17,31
BCAM4,2024-07,North American River Otter,0,31
BCAM4,2024-07,Northern Elephant Seal,1,31
BCAM4,2024-07,Northern Raccoon,2,31
BCAM4,2024-07,Striped Skunk,0,31
BCAM4,2024-07,Brush Rabbit,0,31
BCAM4,2024-07,Californian Sea Lion,0,31
BCAM4,2024-07,Domestic Cattle,0,31
BCAM4,2024-07,Elk,0,31
BCAM4,2024-07,Black-tailed Jackrabbit,0,31
BCAM4,2024-08,American Badger,0,31
BCAM4,2024-08,Bobcat,3,31
BCAM4,2024-08,Coyote,11,31
BCAM4,2024-08,Domestic Dog,0,31
BCAM4,2024-08,Human,14,31
BCAM4,2024-08,Human-Camera Trapper,2,31
BCAM4,2024-08,Mule Deer,12,31
BCAM4,2024-08,North American River Otter,0,31
BCAM4,2024-08,Northern Elephant Seal,0,31
BCAM4,2024-08,Northern Raccoon,2,31
BCAM4,2024-08,Striped Skunk,0,31
BCAM4,2024-08,Brush Rabbit,0,31
BCAM4,2024-08,Californian Sea Lion,0,31
BCAM4,2024-08,Domestic Cattle,0,31
BCAM4,2024-08,Elk,0,31
BCAM4,2024-08,Black-tailed Jackrabbit,0,31
BCAM4,2024-09,American Badger,0,30
BCAM4,2024-09,Bobcat,1,30
BCAM4,2024-09,Coyote,7,30
BCAM4,2024-09,Domestic Dog,0,30
BCAM4,2024-09,Human,18,30
BCAM4,2024-09,Human-Camera Trapper,2,30
BCAM4,2024-09,Mule Deer,20,30
BCAM4,2024-09,North American River Otter,0,30
BCAM4,2024-09,Northern Elephant Seal,0,30
BCAM4,2024-09,Northern Raccoon,11,30
BCAM4,2024-09,Striped Skunk,0,30
BCAM4,2024-09,Brush Rabbit,0,30
BCAM4,2024-09,Californian Sea Lion,0,30
BCAM4,2024-09,Domestic Cattle,0,30
BCAM4,2024-09,Elk,0,30
BCAM4,2024-09,Black-tailed Jackrabbit,0,30
BCAM4,2025-01,American Badger,0,18
BCAM4,2025-01,Bobcat,1,18
BCAM4,2025-01,Coyote,10,18
BCAM4,2025-01,Domestic Dog,0,18
BCAM4,2025-01,Human,1,18
BCAM4,2025-01,Human-Camera Trapper,2,18
BCAM4,2025-01,Mule Deer,0,18
BCAM4,2025-01,North American River Otter,0,18
BCAM4,2025-01,Northern Elephant Seal,38,18
BCAM4,2025-01,Northern Raccoon,0,18
BCAM4,2025-01,Striped Skunk,0,18
BCAM4,2025-01,Brush Rabbit,0,18
BCAM4,2025-01,Californian Sea Lion,0,18
BCAM4,2025-01,Domestic Cattle,0,18
BCAM4,2025-01,Elk,0,18
BCAM4,2025-01,Black-tailed Jackrabbit,0,18
BCAM4,2025-03,American Badger,0,17
BCAM4,2025-03,Bobcat,1,17
BCAM4,2025-03,Coyote,13,17
BCAM4,2025-03,Domestic Dog,0,17
BCAM4,2025-03,Human,0,17
BCAM4,2025-03,Human-Camera Trapper,1,17
BCAM4,2025-03,Mule Deer,0,17
BCAM4,2025-03,North American River Otter,0,17
BCAM4,2025-03,Northern Elephant Seal,9,17
BCAM4,2025-03,Northern Raccoon,0,17
BCAM4,2025-03,Striped Skunk,0,17
BCAM4,2025-03,Brush Rabbit,0,17
BCAM4,2025-03,Californian Sea Lion,0,17
BCAM4,2025-03,Domestic Cattle,0,17
BCAM4,2025-03,Elk,0,17
BCAM4,2025-03,Black-tailed Jackrabbit,0,17
BCAM4,2025-04,American Badger,0,30
BCAM4,2025-04,Bobcat,3,30
BCAM4,2025-04,Coyote,16,30
BCAM4,2025-04,Domestic Dog,0,30
BCAM4,2025-04,Human,0,30
BCAM4,2025-04,Human-Camera Trapper,2,30
BCAM4,2025-04,Mule Deer,4,30
BCAM4,2025-04,North American River Otter,0,30
BCAM4,2025-04,Northern Elephant Seal,0,30
BCAM4,2025-04,Northern Raccoon,0,30
BCAM4,2025-04,Striped Skunk,0,30
BCAM4,2025-04,Brush Rabbit,0,30
BCAM4,2025-04,Californian Sea Lion,0,30
BCAM4,2025-04,Domestic Cattle,0,30
BCAM4,2025-04,Elk,0,30
BCAM4,2025-04,Black-tailed Jackrabbit,0,30
BCAM4,2025-05,American Badger,0,31
BCAM4,2025-05,Bobcat,4,31
BCAM4,2025-05,Coyote,17,31
BCAM4,2025-05,Domestic Dog,0,31
BCAM4,2025-05,Human,1,31
BCAM4,2025-05,Human-Camera Trapper,0,31
BCAM4,2025-05,Mule Deer,6,31
BCAM4,2025-05,North American River Otter,0,31
BCAM4,2025-05,Northern Elephant Seal,0,31
BCAM4,2025-05,Northern Raccoon,0,31
BCAM4,2025-05,Striped Skunk,0,31
BCAM4,2025-05,Brush Rabbit,0,31
BCAM4,2025-05,Californian Sea Lion,0,31
BCAM4,2025-05,Domestic Cattle,0,31
BCAM4,2025-05,Elk,0,31
BCAM4,2025-05,Black-tailed Jackrabbit,0,31
BCAM4,2025-06,American Badger,0,30
BCAM4,2025-06,Bobcat,2,30
BCAM4,2025-06,Coyote,13,30
BCAM4,2025-06,Domestic Dog,0,30
BCAM4,2025-06,Human,5,30
BCAM4,2025-06,Human-Camera Trapper,4,30
BCAM4,2025-06,Mule Deer,10,30
BCAM4,2025-06,North American River Otter,1,30
BCAM4,2025-06,Northern Elephant Seal,0,30
BCAM4,2025-06,Northern Raccoon,1,30
BCAM4,2025-06,Striped Skunk,0,30
BCAM4,2025-06,Brush Rabbit,0,30
BCAM4,2025-06,Californian Sea Lion,0,30
BCAM4,2025-06,Domestic Cattle,0,30
BCAM4,2025-06,Elk,0,30
BCAM4,2025-06,Black-tailed Jackrabbit,0,30
BCAM4,2025-07,American Badger,0,31
BCAM4,2025-07,Bobcat,3,31
BCAM4,2025-07,Coyote,12,31
BCAM4,2025-07,Domestic Dog,0,31
BCAM4,2025-07,Human,12,31
BCAM4,2025-07,Human-Camera Trapper,0,31
BCAM4,2025-07,Mule Deer,33,31
BCAM4,2025-07,North American River Otter,1,31
BCAM4,2025-07,Northern Elephant Seal,0,31
BCAM4,2025-07,Northern Raccoon,2,31
BCAM4,2025-07,Striped Skunk,0,31
BCAM4,2025-07,Brush Rabbit,0,31
BCAM4,2025-07,Californian Sea Lion,0,31
BCAM4,2025-07,Domestic Cattle,0,31
BCAM4,2025-07,Elk,0,31
BCAM4,2025-07,Black-tailed Jackrabbit,0,31
BCAM4,2025-09,American Badger,0,30
BCAM4,2025-09,Bobcat,2,30
BCAM4,2025-09,Coyote,3,30
BCAM4,2025-09,Domestic Dog,0,30
BCAM4,2025-09,Human,6,30
BCAM4,2025-09,Human-Camera Trapper,2,30
BCAM4,2025-09,Mule Deer,32,30
BCAM4,2025-09,North American River Otter,0,30
BCAM4,2025-09,Northern Elephant Seal,0,30
BCAM4,2025-09,Northern Raccoon,7,30
BCAM4,2025-09,Striped Skunk,1,30
BCAM4,2025-09,Brush Rabbit,0,30
BCAM4,2025-09,Californian Sea Lion,0,30
BCAM4,2025-09,Domestic Cattle,0,30
BCAM4,2025-09,Elk,0,30
BCAM4,2025-09,Black-tailed Jackrabbit,0,30
BCAM4,2025-10,American Badger,0,31
BCAM4,2025-10,Bobcat,1,31
BCAM4,2025-10,Coyote,3,31
BCAM4,2025-10,Domestic Dog,0,31
BCAM4,2025-10,Human,5,31
BCAM4,2025-10,Human-Camera Trapper,2,31
BCAM4,2025-10,Mule Deer,17,31
BCAM4,2025-10,North American River Otter,1,31
BCAM4,2025-10,Northern Elephant Seal,0,31
BCAM4,2025-10,Northern Raccoon,9,31
BCAM4,2025-10,Striped Skunk,0,31
BCAM4,2025-10,Brush Rabbit,0,31
BCAM4,2025-10,Californian Sea Lion,0,31
BCAM4,2025-10,Domestic Cattle,0,31
BCAM4,2025-10,Elk,0,31
BCAM4,2025-10,Black-tailed Jackrabbit,0,31
BCAM4,2026-01,American Badger,0,31
BCAM4,2026-01,Bobcat,2,31
BCAM4,2026-01,Coyote,27,31
BCAM4,2026-01,Domestic Dog,0,31
BCAM4,2026-01,Human,1,31
BCAM4,2026-01,Human-Camera Trapper,2,31
BCAM4,2026-01,Mule Deer,1,31
BCAM4,2026-01,North American River Otter,0,31
BCAM4,2026-01,Northern Elephant Seal,78,31
BCAM4,2026-01,Northern Raccoon,4,31
BCAM4,2026-01,Striped Skunk,0,31
BCAM4,2026-01,Brush Rabbit,0,31
BCAM4,2026-01,Californian Sea Lion,0,31
BCAM4,2026-01,Domestic Cattle,0,31
BCAM4,2026-01,Elk,0,31
BCAM4,2026-01,Black-tailed Jackrabbit,0,31
BCAM4,2026-03,American Badger,0,31
BCAM4,2026-03,Bobcat,1,31
BCAM4,2026-03,Coyote,42,31
BCAM4,2026-03,Domestic Dog,0,31
BCAM4,2026-03,Human,0,31
BCAM4,2026-03,Human-Camera Trapper,0,31
BCAM4,2026-03,Mule Deer,2,31
BCAM4,2026-03,North American River Otter,0,31
BCAM4,2026-03,Northern Elephant Seal,45,31
BCAM4,2026-03,Northern Raccoon,3,31
BCAM4,2026-03,Striped Skunk,0,31
BCAM4,2026-03,Brush Rabbit,0,31
BCAM4,2026-03,Californian Sea Lion,0,31
BCAM4,2026-03,Domestic Cattle,0,31
BCAM4,2026-03,Elk,0,31
BCAM4,2026-03,Black-tailed Jackrabbit,0,31
BCAM4,2026-04,American Badger,0,30
BCAM4,2026-04,Bobcat,1,30
BCAM4,2026-04,Coyote,7,30
BCAM4,2026-04,Domestic Dog,0,30
BCAM4,2026-04,Human,0,30
BCAM4,2026-04,Human-Camera Trapper,2,30
BCAM4,2026-04,Mule Deer,1,30
BCAM4,2026-04,North American River Otter,0,30
BCAM4,2026-04,Northern Elephant Seal,1,30
BCAM4,2026-04,Northern Raccoon,0,30
BCAM4,2026-04,Striped Skunk,0,30
BCAM4,2026-04,Brush Rabbit,0,30
BCAM4,2026-04,Californian Sea Lion,0,30
BCAM4,2026-04,Domestic Cattle,0,30
BCAM4,2026-04,Elk,0,30
BCAM4,2026-04,Black-tailed Jackrabbit,0,30
BCAM4,2026-05,American Badger,0,30
BCAM4,2026-05,Bobcat,2,30
BCAM4,2026-05,Coyote,13,30
BCAM4,2026-05,Domestic Dog,0,30
BCAM4,2026-05,Human,2,30
BCAM4,2026-05,Human-Camera Trapper,0,30
BCAM4,2026-05,Mule Deer,2,30
BCAM4,2026-05,North American River Otter,0,30
BCAM4,2026-05,Northern Elephant Seal,0,30
BCAM4,2026-05,Northern Raccoon,0,30
BCAM4,2026-05,Striped Skunk,0,30
BCAM4,2026-05,Brush Rabbit,0,30
BCAM4,2026-05,Californian Sea Lion,0,30
BCAM4,2026-05,Domestic Cattle,0,30
BCAM4,2026-05,Elk,0,30
BCAM4,2026-05,Black-tailed Jackrabbit,0,30
BCAM4,2022-12,American Badger,0,11
BCAM4,2022-12,Bobcat,0,11
BCAM4,2022-12,Coyote,7,11
BCAM4,2022-12,Domestic Dog,0,11
BCAM4,2022-12,Human,8,11
BCAM4,2022-12,Human-Camera Trapper,3,11
BCAM4,2022-12,Mule Deer,1,11
BCAM4,2022-12,North American River Otter,0,11
BCAM4,2022-12,Northern Elephant Seal,42,11
BCAM4,2022-12,Northern Raccoon,0,11
BCAM4,2022-12,Striped Skunk,0,11
BCAM4,2022-12,Brush Rabbit,0,11
BCAM4,2022-12,Californian Sea Lion,0,11
BCAM4,2022-12,Domestic Cattle,0,11
BCAM4,2022-12,Elk,0,11
BCAM4,2022-12,Black-tailed Jackrabbit,0,11
BCAM4,2023-01,American Badger,0,31
BCAM4,2023-01,Bobcat,0,31
BCAM4,2023-01,Coyote,25,31
BCAM4,2023-01,Domestic Dog,0,31
BCAM4,2023-01,Human,9,31
BCAM4,2023-01,Human-Camera Trapper,1,31
BCAM4,2023-01,Mule Deer,0,31
BCAM4,2023-01,North American River Otter,0,31
BCAM4,2023-01,Northern Elephant Seal,163,31
BCAM4,2023-01,Northern Raccoon,0,31
BCAM4,2023-01,Striped Skunk,0,31
BCAM4,2023-01,Brush Rabbit,0,31
BCAM4,2023-01,Californian Sea Lion,0,31
BCAM4,2023-01,Domestic Cattle,0,31
BCAM4,2023-01,Elk,0,31
BCAM4,2023-01,Black-tailed Jackrabbit,0,31
BCAM4,2023-02,American Badger,0,28
BCAM4,2023-02,Bobcat,0,28
BCAM4,2023-02,Coyote,25,28
BCAM4,2023-02,Domestic Dog,0,28
BCAM4,2023-02,Human,2,28
BCAM4,2023-02,Human-Camera Trapper,0,28
BCAM4,2023-02,Mule Deer,1,28
BCAM4,2023-02,North American River Otter,0,28
BCAM4,2023-02,Northern Elephant Seal,18,28
BCAM4,2023-02,Northern Raccoon,0,28
BCAM4,2023-02,Striped Skunk,0,28
BCAM4,2023-02,Brush Rabbit,0,28
BCAM4,2023-02,Californian Sea Lion,0,28
BCAM4,2023-02,Domestic Cattle,0,28
BCAM4,2023-02,Elk,0,28
BCAM4,2023-02,Black-tailed Jackrabbit,0,28
BCAM4,2023-03,American Badger,0,13
BCAM4,2023-03,Bobcat,0,13
BCAM4,2023-03,Coyote,21,13
BCAM4,2023-03,Domestic Dog,0,13
BCAM4,2023-03,Human,2,13
BCAM4,2023-03,Human-Camera Trapper,0,13
BCAM4,2023-03,Mule Deer,0,13
BCAM4,2023-03,North American River Otter,0,13
BCAM4,2023-03,Northern Elephant Seal,48,13
BCAM4,2023-03,Northern Raccoon,0,13
BCAM4,2023-03,Striped Skunk,0,13
BCAM4,2023-03,Brush Rabbit,0,13
BCAM4,2023-03,Californian Sea Lion,0,13
BCAM4,2023-03,Domestic Cattle,0,13
BCAM4,2023-03,Elk,0,13
BCAM4,2023-03,Black-tailed Jackrabbit,0,13
BCAM4,2024-02,American Badger,0,29
BCAM4,2024-02,Bobcat,0,29
BCAM4,2024-02,Coyote,6,29
BCAM4,2024-02,Domestic Dog,0,29
BCAM4,2024-02,Human,0,29
BCAM4,2024-02,Human-Camera Trapper,2,29
BCAM4,2024-02,Mule Deer,0,29
BCAM4,2024-02,North American River Otter,0,29
BCAM4,2024-02,Northern Elephant Seal,204,29
BCAM4,2024-02,Northern Raccoon,0,29
BCAM4,2024-02,Striped Skunk,0,29
BCAM4,2024-02,Brush Rabbit,0,29
BCAM4,2024-02,Californian Sea Lion,0,29
BCAM4,2024-02,Domestic Cattle,0,29
BCAM4,2024-02,Elk,0,29
BCAM4,2024-02,Black-tailed Jackrabbit,0,29
BCAM4,2024-05,American Badger,0,31
BCAM4,2024-05,Bobcat,0,31
BCAM4,2024-05,Coyote,8,31
BCAM4,2024-05,Domestic Dog,0,31
BCAM4,2024-05,Human,0,31
BCAM4,2024-05,Human-Camera Trapper,2,31
BCAM4,2024-05,Mule Deer,4,31
BCAM4,2024-05,North American River Otter,0,31
BCAM4,2024-05,Northern Elephant Seal,0,31
BCAM4,2024-05,Northern Raccoon,1,31
BCAM4,2024-05,Striped Skunk,0,31
BCAM4,2024-05,Brush Rabbit,0,31
BCAM4,2024-05,Californian Sea Lion,0,31
BCAM4,2024-05,Domestic Cattle,0,31
BCAM4,2024-05,Elk,0,31
BCAM4,2024-05,Black-tailed Jackrabbit,0,31
BCAM4,2024-10,American Badger,0,31
BCAM4,2024-10,Bobcat,0,31
BCAM4,2024-10,Coyote,8,31
BCAM4,2024-10,Domestic Dog,1,31
BCAM4,2024-10,Human,7,31
BCAM4,2024-10,Human-Camera Trapper,2,31
BCAM4,2024-10,Mule Deer,18,31
BCAM4,2024-10,North American River Otter,0,31
BCAM4,2024-10,Northern Elephant Seal,0,31
BCAM4,2024-10,Northern Raccoon,5,31
BCAM4,2024-10,Striped Skunk,4,31
BCAM4,2024-10,Brush Rabbit,0,31
BCAM4,2024-10,Californian Sea Lion,0,31
BCAM4,2024-10,Domestic Cattle,0,31
BCAM4,2024-10,Elk,0,31
BCAM4,2024-10,Black-tailed Jackrabbit,0,31
BCAM4,2024-11,American Badger,0,30
BCAM4,2024-11,Bobcat,0,30
BCAM4,2024-11,Coyote,15,30
BCAM4,2024-11,Domestic Dog,0,30
BCAM4,2024-11,Human,5,30
BCAM4,2024-11,Human-Camera Trapper,2,30
BCAM4,2024-11,Mule Deer,10,30
BCAM4,2024-11,North American River Otter,0,30
BCAM4,2024-11,Northern Elephant Seal,0,30
BCAM4,2024-11,Northern Raccoon,4,30
BCAM4,2024-11,Striped Skunk,6,30
BCAM4,2024-11,Brush Rabbit,0,30
BCAM4,2024-11,Californian Sea Lion,0,30
BCAM4,2024-11,Domestic Cattle,0,30
BCAM4,2024-11,Elk,0,30
BCAM4,2024-11,Black-tailed Jackrabbit,0,30
BCAM4,2024-12,American Badger,0,31
BCAM4,2024-12,Bobcat,0,31
BCAM4,2024-12,Coyote,7,31
BCAM4,2024-12,Domestic Dog,0,31
BCAM4,2024-12,Human,3,31
BCAM4,2024-12,Human-Camera Trapper,2,31
BCAM4,2024-12,Mule Deer,3,31
BCAM4,2024-12,North American River Otter,0,31
BCAM4,2024-12,Northern Elephant Seal,9,31
BCAM4,2024-12,Northern Raccoon,0,31
BCAM4,2024-12,Striped Skunk,0,31
BCAM4,2024-12,Brush Rabbit,0,31
BCAM4,2024-12,Californian Sea Lion,0,31
BCAM4,2024-12,Domestic Cattle,0,31
BCAM4,2024-12,Elk,0,31
BCAM4,2024-12,Black-tailed Jackrabbit,0,31
BCAM4,2025-02,American Badger,0,12
BCAM4,2025-02,Bobcat,0,12
BCAM4,2025-02,Coyote,7,12
BCAM4,2025-02,Domestic Dog,0,12
BCAM4,2025-02,Human,0,12
BCAM4,2025-02,Human-Camera Trapper,2,12
BCAM4,2025-02,Mule Deer,0,12
BCAM4,2025-02,North American River Otter,0,12
BCAM4,2025-02,Northern Elephant Seal,20,12
BCAM4,2025-02,Northern Raccoon,0,12
BCAM4,2025-02,Striped Skunk,0,12
BCAM4,2025-02,Brush Rabbit,0,12
BCAM4,2025-02,Californian Sea Lion,0,12
BCAM4,2025-02,Domestic Cattle,0,12
BCAM4,2025-02,Elk,0,12
BCAM4,2025-02,Black-tailed Jackrabbit,0,12
BCAM4,2025-08,American Badger,0,31
BCAM4,2025-08,Bobcat,0,31
BCAM4,2025-08,Coyote,10,31
BCAM4,2025-08,Domestic Dog,0,31
BCAM4,2025-08,Human,13,31
BCAM4,2025-08,Human-Camera Trapper,2,31
BCAM4,2025-08,Mule Deer,31,31
BCAM4,2025-08,North American River Otter,0,31
BCAM4,2025-08,Northern Elephant Seal,0,31
BCAM4,2025-08,Northern Raccoon,1,31
BCAM4,2025-08,Striped Skunk,0,31
BCAM4,2025-08,Brush Rabbit,0,31
BCAM4,2025-08,Californian Sea Lion,0,31
BCAM4,2025-08,Domestic Cattle,0,31
BCAM4,2025-08,Elk,0,31
BCAM4,2025-08,Black-tailed Jackrabbit,0,31
BCAM4,2025-11,American Badger,0,30
BCAM4,2025-11,Bobcat,0,30
BCAM4,2025-11,Coyote,22,30
BCAM4,2025-11,Domestic Dog,0,30
BCAM4,2025-11,Human,8,30
BCAM4,2025-11,Human-Camera Trapper,0,30
BCAM4,2025-11,Mule Deer,4,30
BCAM4,2025-11,North American River Otter,0,30
BCAM4,2025-11,Northern Elephant Seal,0,30
BCAM4,2025-11,Northern Raccoon,1,30
BCAM4,2025-11,Striped Skunk,0,30
BCAM4,2025-11,Brush Rabbit,0,30
BCAM4,2025-11,Californian Sea Lion,0,30
BCAM4,2025-11,Domestic Cattle,0,30
BCAM4,2025-11,Elk,0,30
BCAM4,2025-11,Black-tailed Jackrabbit,0,30
BCAM4,2025-12,American Badger,0,31
BCAM4,2025-12,Bobcat,0,31
BCAM4,2025-12,Coyote,25,31
BCAM4,2025-12,Domestic Dog,0,31
BCAM4,2025-12,Human,6,31
BCAM4,2025-12,Human-Camera Trapper,2,31
BCAM4,2025-12,Mule Deer,5,31
BCAM4,2025-12,North American River Otter,0,31
BCAM4,2025-12,Northern Elephant Seal,7,31
BCAM4,2025-12,Northern Raccoon,3,31
BCAM4,2025-12,Striped Skunk,0,31
BCAM4,2025-12,Brush Rabbit,0,31
BCAM4,2025-12,Californian Sea Lion,0,31
BCAM4,2025-12,Domestic Cattle,0,31
BCAM4,2025-12,Elk,0,31
BCAM4,2025-12,Black-tailed Jackrabbit,0,31
BCAM4,2026-02,American Badger,0,28
BCAM4,2026-02,Bobcat,0,28
BCAM4,2026-02,Coyote,68,28
BCAM4,2026-02,Domestic Dog,0,28
BCAM4,2026-02,Human,0,28
BCAM4,2026-02,Human-Camera Trapper,2,28
BCAM4,2026-02,Mule Deer,4,28
BCAM4,2026-02,North American River Otter,0,28
BCAM4,2026-02,Northern Elephant Seal,110,28
BCAM4,2026-02,Northern Raccoon,3,28
BCAM4,2026-02,Striped Skunk,0,28
BCAM4,2026-02,Brush Rabbit,0,28
BCAM4,2026-02,Californian Sea Lion,0,28
BCAM4,2026-02,Domestic Cattle,0,28
BCAM4,2026-02,Elk,0,28
BCAM4,2026-02,Black-tailed Jackrabbit,0,28
BCAM5,2022-12,American Badger,0,10
BCAM5,2022-12,Bobcat,0,10
BCAM5,2022-12,Coyote,12,10
BCAM5,2022-12,Domestic Dog,0,10
BCAM5,2022-12,Human,7,10
BCAM5,2022-12,Human-Camera Trapper,0,10
BCAM5,2022-12,Mule Deer,0,10
BCAM5,2022-12,North American River Otter,0,10
BCAM5,2022-12,Northern Elephant Seal,37,10
BCAM5,2022-12,Northern Raccoon,0,10
BCAM5,2022-12,Striped Skunk,0,10
BCAM5,2022-12,Brush Rabbit,0,10
BCAM5,2022-12,Californian Sea Lion,0,10
BCAM5,2022-12,Domestic Cattle,0,10
BCAM5,2022-12,Elk,0,10
BCAM5,2022-12,Black-tailed Jackrabbit,0,10
BCAM5,2023-01,American Badger,0,5
BCAM5,2023-01,Bobcat,0,5
BCAM5,2023-01,Coyote,6,5
BCAM5,2023-01,Domestic Dog,0,5
BCAM5,2023-01,Human,2,5
BCAM5,2023-01,Human-Camera Trapper,0,5
BCAM5,2023-01,Mule Deer,0,5
BCAM5,2023-01,North American River Otter,0,5
BCAM5,2023-01,Northern Elephant Seal,26,5
BCAM5,2023-01,Northern Raccoon,0,5
BCAM5,2023-01,Striped Skunk,0,5
BCAM5,2023-01,Brush Rabbit,0,5
BCAM5,2023-01,Californian Sea Lion,0,5
BCAM5,2023-01,Domestic Cattle,0,5
BCAM5,2023-01,Elk,0,5
BCAM5,2023-01,Black-tailed Jackrabbit,0,5
BCAM6,2023-01,American Badger,0,31
BCAM6,2023-01,Bobcat,0,31
BCAM6,2023-01,Coyote,22,31
BCAM6,2023-01,Domestic Dog,0,31
BCAM6,2023-01,Human,5,31
BCAM6,2023-01,Human-Camera Trapper,1,31
BCAM6,2023-01,Mule Deer,0,31
BCAM6,2023-01,North American River Otter,0,31
BCAM6,2023-01,Northern Elephant Seal,77,31
BCAM6,2023-01,Northern Raccoon,0,31
BCAM6,2023-01,Striped Skunk,2,31
BCAM6,2023-01,Brush Rabbit,1,31
BCAM6,2023-01,Californian Sea Lion,0,31
BCAM6,2023-01,Domestic Cattle,0,31
BCAM6,2023-01,Elk,0,31
BCAM6,2023-01,Black-tailed Jackrabbit,0,31
BCAM6,2023-02,American Badger,0,28
BCAM6,2023-02,Bobcat,0,28
BCAM6,2023-02,Coyote,38,28
BCAM6,2023-02,Domestic Dog,0,28
BCAM6,2023-02,Human,0,28
BCAM6,2023-02,Human-Camera Trapper,0,28
BCAM6,2023-02,Mule Deer,0,28
BCAM6,2023-02,North American River Otter,0,28
BCAM6,2023-02,Northern Elephant Seal,75,28
BCAM6,2023-02,Northern Raccoon,0,28
BCAM6,2023-02,Striped Skunk,0,28
BCAM6,2023-02,Brush Rabbit,0,28
BCAM6,2023-02,Californian Sea Lion,0,28
BCAM6,2023-02,Domestic Cattle,0,28
BCAM6,2023-02,Elk,0,28
BCAM6,2023-02,Black-tailed Jackrabbit,0,28
BCAM6,2023-03,American Badger,0,13
BCAM6,2023-03,Bobcat,0,13
BCAM6,2023-03,Coyote,22,13
BCAM6,2023-03,Domestic Dog,0,13
BCAM6,2023-03,Human,1,13
BCAM6,2023-03,Human-Camera Trapper,0,13
BCAM6,2023-03,Mule Deer,1,13
BCAM6,2023-03,North American River Otter,0,13
BCAM6,2023-03,Northern Elephant Seal,32,13
BCAM6,2023-03,Northern Raccoon,0,13
BCAM6,2023-03,Striped Skunk,0,13
BCAM6,2023-03,Brush Rabbit,0,13
BCAM6,2023-03,Californian Sea Lion,0,13
BCAM6,2023-03,Domestic Cattle,0,13
BCAM6,2023-03,Elk,0,13
BCAM6,2023-03,Black-tailed Jackrabbit,0,13
BCAM6,2022-12,American Badger,0,10
BCAM6,2022-12,Bobcat,0,10
BCAM6,2022-12,Coyote,0,10
BCAM6,2022-12,Domestic Dog,0,10
BCAM6,2022-12,Human,2,10
BCAM6,2022-12,Human-Camera Trapper,1,10
BCAM6,2022-12,Mule Deer,1,10
BCAM6,2022-12,North American River Otter,0,10
BCAM6,2022-12,Northern Elephant Seal,0,10
BCAM6,2022-12,Northern Raccoon,1,10
BCAM6,2022-12,Striped Skunk,0,10
BCAM6,2022-12,Brush Rabbit,0,10
BCAM6,2022-12,Californian Sea Lion,0,10
BCAM6,2022-12,Domestic Cattle,0,10
BCAM6,2022-12,Elk,0,10
BCAM6,2022-12,Black-tailed Jackrabbit,0,10
BCAM7,2025-06,American Badger,4,30
BCAM7,2025-06,Bobcat,5,30
BCAM7,2025-06,Coyote,18,30
BCAM7,2025-06,Domestic Dog,0,30
BCAM7,2025-06,Human,0,30
BCAM7,2025-06,Human-Camera Trapper,4,30
BCAM7,2025-06,Mule Deer,29,30
BCAM7,2025-06,North American River Otter,0,30
BCAM7,2025-06,Northern Elephant Seal,0,30
BCAM7,2025-06,Northern Raccoon,15,30
BCAM7,2025-06,Striped Skunk,0,30
BCAM7,2025-06,Brush Rabbit,0,30
BCAM7,2025-06,Californian Sea Lion,0,30
BCAM7,2025-06,Domestic Cattle,0,30
BCAM7,2025-06,Elk,0,30
BCAM7,2025-06,Black-tailed Jackrabbit,0,30
BCAM7,2025-07,American Badger,3,31
BCAM7,2025-07,Bobcat,7,31
BCAM7,2025-07,Coyote,25,31
BCAM7,2025-07,Domestic Dog,0,31
BCAM7,2025-07,Human,1,31
BCAM7,2025-07,Human-Camera Trapper,0,31
BCAM7,2025-07,Mule Deer,16,31
BCAM7,2025-07,North American River Otter,2,31
BCAM7,2025-07,Northern Elephant Seal,0,31
BCAM7,2025-07,Northern Raccoon,36,31
BCAM7,2025-07,Striped Skunk,1,31
BCAM7,2025-07,Brush Rabbit,0,31
BCAM7,2025-07,Californian Sea Lion,0,31
BCAM7,2025-07,Domestic Cattle,0,31
BCAM7,2025-07,Elk,0,31
BCAM7,2025-07,Black-tailed Jackrabbit,0,31
BCAM7,2025-08,American Badger,1,31
BCAM7,2025-08,Bobcat,9,31
BCAM7,2025-08,Coyote,42,31
BCAM7,2025-08,Domestic Dog,0,31
BCAM7,2025-08,Human,0,31
BCAM7,2025-08,Human-Camera Trapper,2,31
BCAM7,2025-08,Mule Deer,14,31
BCAM7,2025-08,North American River Otter,1,31
BCAM7,2025-08,Northern Elephant Seal,0,31
BCAM7,2025-08,Northern Raccoon,38,31
BCAM7,2025-08,Striped Skunk,0,31
BCAM7,2025-08,Brush Rabbit,0,31
BCAM7,2025-08,Californian Sea Lion,0,31
BCAM7,2025-08,Domestic Cattle,0,31
BCAM7,2025-08,Elk,0,31
BCAM7,2025-08,Black-tailed Jackrabbit,0,31
BCAM7,2026-04,American Badger,1,30
BCAM7,2026-04,Bobcat,12,30
BCAM7,2026-04,Coyote,19,30
BCAM7,2026-04,Domestic Dog,0,30
BCAM7,2026-04,Human,0,30
BCAM7,2026-04,Human-Camera Trapper,2,30
BCAM7,2026-04,Mule Deer,13,30
BCAM7,2026-04,North American River Otter,0,30
BCAM7,2026-04,Northern Elephant Seal,0,30
BCAM7,2026-04,Northern Raccoon,19,30
BCAM7,2026-04,Striped Skunk,0,30
BCAM7,2026-04,Brush Rabbit,0,30
BCAM7,2026-04,Californian Sea Lion,0,30
BCAM7,2026-04,Domestic Cattle,0,30
BCAM7,2026-04,Elk,0,30
BCAM7,2026-04,Black-tailed Jackrabbit,0,30
BCAM7,2024-09,American Badger,0,25
BCAM7,2024-09,Bobcat,11,25
BCAM7,2024-09,Coyote,11,25
BCAM7,2024-09,Domestic Dog,0,25
BCAM7,2024-09,Human,1,25
BCAM7,2024-09,Human-Camera Trapper,1,25
BCAM7,2024-09,Mule Deer,23,25
BCAM7,2024-09,North American River Otter,0,25
BCAM7,2024-09,Northern Elephant Seal,0,25
BCAM7,2024-09,Northern Raccoon,12,25
BCAM7,2024-09,Striped Skunk,2,25
BCAM7,2024-09,Brush Rabbit,0,25
BCAM7,2024-09,Californian Sea Lion,0,25
BCAM7,2024-09,Domestic Cattle,0,25
BCAM7,2024-09,Elk,0,25
BCAM7,2024-09,Black-tailed Jackrabbit,0,25
BCAM7,2024-10,American Badger,0,31
BCAM7,2024-10,Bobcat,11,31
BCAM7,2024-10,Coyote,31,31
BCAM7,2024-10,Domestic Dog,0,31
BCAM7,2024-10,Human,0,31
BCAM7,2024-10,Human-Camera Trapper,2,31
BCAM7,2024-10,Mule Deer,17,31
BCAM7,2024-10,North American River Otter,0,31
BCAM7,2024-10,Northern Elephant Seal,0,31
BCAM7,2024-10,Northern Raccoon,17,31
BCAM7,2024-10,Striped Skunk,8,31
BCAM7,2024-10,Brush Rabbit,0,31
BCAM7,2024-10,Californian Sea Lion,0,31
BCAM7,2024-10,Domestic Cattle,0,31
BCAM7,2024-10,Elk,0,31
BCAM7,2024-10,Black-tailed Jackrabbit,0,31
BCAM7,2024-11,American Badger,0,30
BCAM7,2024-11,Bobcat,3,30
BCAM7,2024-11,Coyote,18,30
BCAM7,2024-11,Domestic Dog,0,30
BCAM7,2024-11,Human,1,30
BCAM7,2024-11,Human-Camera Trapper,2,30
BCAM7,2024-11,Mule Deer,9,30
BCAM7,2024-11,North American River Otter,1,30
BCAM7,2024-11,Northern Elephant Seal,0,30
BCAM7,2024-11,Northern Raccoon,65,30
BCAM7,2024-11,Striped Skunk,17,30
BCAM7,2024-11,Brush Rabbit,0,30
BCAM7,2024-11,Californian Sea Lion,0,30
BCAM7,2024-11,Domestic Cattle,0,30
BCAM7,2024-11,Elk,0,30
BCAM7,2024-11,Black-tailed Jackrabbit,0,30
BCAM7,2024-12,American Badger,0,31
BCAM7,2024-12,Bobcat,1,31
BCAM7,2024-12,Coyote,12,31
BCAM7,2024-12,Domestic Dog,0,31
BCAM7,2024-12,Human,0,31
BCAM7,2024-12,Human-Camera Trapper,2,31
BCAM7,2024-12,Mule Deer,5,31
BCAM7,2024-12,North American River Otter,2,31
BCAM7,2024-12,Northern Elephant Seal,0,31
BCAM7,2024-12,Northern Raccoon,38,31
BCAM7,2024-12,Striped Skunk,0,31
BCAM7,2024-12,Brush Rabbit,0,31
BCAM7,2024-12,Californian Sea Lion,0,31
BCAM7,2024-12,Domestic Cattle,0,31
BCAM7,2024-12,Elk,0,31
BCAM7,2024-12,Black-tailed Jackrabbit,0,31
BCAM7,2025-03,American Badger,0,31
BCAM7,2025-03,Bobcat,3,31
BCAM7,2025-03,Coyote,21,31
BCAM7,2025-03,Domestic Dog,0,31
BCAM7,2025-03,Human,0,31
BCAM7,2025-03,Human-Camera Trapper,2,31
BCAM7,2025-03,Mule Deer,12,31
BCAM7,2025-03,North American River Otter,1,31
BCAM7,2025-03,Northern Elephant Seal,0,31
BCAM7,2025-03,Northern Raccoon,41,31
BCAM7,2025-03,Striped Skunk,0,31
BCAM7,2025-03,Brush Rabbit,0,31
BCAM7,2025-03,Californian Sea Lion,0,31
BCAM7,2025-03,Domestic Cattle,0,31
BCAM7,2025-03,Elk,0,31
BCAM7,2025-03,Black-tailed Jackrabbit,0,31
BCAM7,2025-04,American Badger,0,30
BCAM7,2025-04,Bobcat,3,30
BCAM7,2025-04,Coyote,26,30
BCAM7,2025-04,Domestic Dog,0,30
BCAM7,2025-04,Human,0,30
BCAM7,2025-04,Human-Camera Trapper,2,30
BCAM7,2025-04,Mule Deer,19,30
BCAM7,2025-04,North American River Otter,0,30
BCAM7,2025-04,Northern Elephant Seal,0,30
BCAM7,2025-04,Northern Raccoon,31,30
BCAM7,2025-04,Striped Skunk,0,30
BCAM7,2025-04,Brush Rabbit,0,30
BCAM7,2025-04,Californian Sea Lion,0,30
BCAM7,2025-04,Domestic Cattle,0,30
BCAM7,2025-04,Elk,0,30
BCAM7,2025-04,Black-tailed Jackrabbit,0,30
BCAM7,2025-05,American Badger,0,31
BCAM7,2025-05,Bobcat,2,31
BCAM7,2025-05,Coyote,30,31
BCAM7,2025-05,Domestic Dog,0,31
BCAM7,2025-05,Human,0,31
BCAM7,2025-05,Human-Camera Trapper,0,31
BCAM7,2025-05,Mule Deer,15,31
BCAM7,2025-05,North American River Otter,1,31
BCAM7,2025-05,Northern Elephant Seal,0,31
BCAM7,2025-05,Northern Raccoon,14,31
BCAM7,2025-05,Striped Skunk,0,31
BCAM7,2025-05,Brush Rabbit,0,31
BCAM7,2025-05,Californian Sea Lion,0,31
BCAM7,2025-05,Domestic Cattle,0,31
BCAM7,2025-05,Elk,0,31
BCAM7,2025-05,Black-tailed Jackrabbit,0,31
BCAM7,2025-09,American Badger,0,30
BCAM7,2025-09,Bobcat,25,30
BCAM7,2025-09,Coyote,60,30
BCAM7,2025-09,Domestic Dog,0,30
BCAM7,2025-09,Human,0,30
BCAM7,2025-09,Human-Camera Trapper,2,30
BCAM7,2025-09,Mule Deer,18,30
BCAM7,2025-09,North American River Otter,14,30
BCAM7,2025-09,Northern Elephant Seal,0,30
BCAM7,2025-09,Northern Raccoon,50,30
BCAM7,2025-09,Striped Skunk,0,30
BCAM7,2025-09,Brush Rabbit,0,30
BCAM7,2025-09,Californian Sea Lion,0,30
BCAM7,2025-09,Domestic Cattle,0,30
BCAM7,2025-09,Elk,0,30
BCAM7,2025-09,Black-tailed Jackrabbit,0,30
BCAM7,2025-10,American Badger,0,31
BCAM7,2025-10,Bobcat,16,31
BCAM7,2025-10,Coyote,56,31
BCAM7,2025-10,Domestic Dog,0,31
BCAM7,2025-10,Human,0,31
BCAM7,2025-10,Human-Camera Trapper,2,31
BCAM7,2025-10,Mule Deer,7,31
BCAM7,2025-10,North American River Otter,19,31
BCAM7,2025-10,Northern Elephant Seal,0,31
BCAM7,2025-10,Northern Raccoon,34,31
BCAM7,2025-10,Striped Skunk,15,31
BCAM7,2025-10,Brush Rabbit,0,31
BCAM7,2025-10,Californian Sea Lion,0,31
BCAM7,2025-10,Domestic Cattle,0,31
BCAM7,2025-10,Elk,0,31
BCAM7,2025-10,Black-tailed Jackrabbit,0,31
BCAM7,2025-11,American Badger,0,30
BCAM7,2025-11,Bobcat,7,30
BCAM7,2025-11,Coyote,38,30
BCAM7,2025-11,Domestic Dog,0,30
BCAM7,2025-11,Human,0,30
BCAM7,2025-11,Human-Camera Trapper,0,30
BCAM7,2025-11,Mule Deer,3,30
BCAM7,2025-11,North American River Otter,5,30
BCAM7,2025-11,Northern Elephant Seal,0,30
BCAM7,2025-11,Northern Raccoon,55,30
BCAM7,2025-11,Striped Skunk,23,30
BCAM7,2025-11,Brush Rabbit,0,30
BCAM7,2025-11,Californian Sea Lion,0,30
BCAM7,2025-11,Domestic Cattle,0,30
BCAM7,2025-11,Elk,0,30
BCAM7,2025-11,Black-tailed Jackrabbit,0,30
BCAM7,2025-12,American Badger,0,31
BCAM7,2025-12,Bobcat,10,31
BCAM7,2025-12,Coyote,19,31
BCAM7,2025-12,Domestic Dog,0,31
BCAM7,2025-12,Human,0,31
BCAM7,2025-12,Human-Camera Trapper,2,31
BCAM7,2025-12,Mule Deer,0,31
BCAM7,2025-12,North American River Otter,0,31
BCAM7,2025-12,Northern Elephant Seal,0,31
BCAM7,2025-12,Northern Raccoon,38,31
BCAM7,2025-12,Striped Skunk,11,31
BCAM7,2025-12,Brush Rabbit,0,31
BCAM7,2025-12,Californian Sea Lion,0,31
BCAM7,2025-12,Domestic Cattle,0,31
BCAM7,2025-12,Elk,0,31
BCAM7,2025-12,Black-tailed Jackrabbit,0,31
BCAM7,2026-01,American Badger,0,31
BCAM7,2026-01,Bobcat,8,31
BCAM7,2026-01,Coyote,21,31
BCAM7,2026-01,Domestic Dog,0,31
BCAM7,2026-01,Human,0,31
BCAM7,2026-01,Human-Camera Trapper,2,31
BCAM7,2026-01,Mule Deer,5,31
BCAM7,2026-01,North American River Otter,1,31
BCAM7,2026-01,Northern Elephant Seal,0,31
BCAM7,2026-01,Northern Raccoon,6,31
BCAM7,2026-01,Striped Skunk,2,31
BCAM7,2026-01,Brush Rabbit,0,31
BCAM7,2026-01,Californian Sea Lion,0,31
BCAM7,2026-01,Domestic Cattle,0,31
BCAM7,2026-01,Elk,0,31
BCAM7,2026-01,Black-tailed Jackrabbit,0,31
BCAM7,2026-02,American Badger,0,28
BCAM7,2026-02,Bobcat,5,28
BCAM7,2026-02,Coyote,16,28
BCAM7,2026-02,Domestic Dog,0,28
BCAM7,2026-02,Human,0,28
BCAM7,2026-02,Human-Camera Trapper,2,28
BCAM7,2026-02,Mule Deer,8,28
BCAM7,2026-02,North American River Otter,3,28
BCAM7,2026-02,Northern Elephant Seal,12,28
BCAM7,2026-02,Northern Raccoon,5,28
BCAM7,2026-02,Striped Skunk,0,28
BCAM7,2026-02,Brush Rabbit,0,28
BCAM7,2026-02,Californian Sea Lion,0,28
BCAM7,2026-02,Domestic Cattle,0,28
BCAM7,2026-02,Elk,0,28
BCAM7,2026-02,Black-tailed Jackrabbit,0,28
BCAM7,2026-03,American Badger,0,31
BCAM7,2026-03,Bobcat,11,31
BCAM7,2026-03,Coyote,20,31
BCAM7,2026-03,Domestic Dog,0,31
BCAM7,2026-03,Human,0,31
BCAM7,2026-03,Human-Camera Trapper,0,31
BCAM7,2026-03,Mule Deer,9,31
BCAM7,2026-03,North American River Otter,1,31
BCAM7,2026-03,Northern Elephant Seal,0,31
BCAM7,2026-03,Northern Raccoon,28,31
BCAM7,2026-03,Striped Skunk,2,31
BCAM7,2026-03,Brush Rabbit,0,31
BCAM7,2026-03,Californian Sea Lion,0,31
BCAM7,2026-03,Domestic Cattle,0,31
BCAM7,2026-03,Elk,0,31
BCAM7,2026-03,Black-tailed Jackrabbit,0,31
BCAM7,2026-05,American Badger,0,30
BCAM7,2026-05,Bobcat,12,30
BCAM7,2026-05,Coyote,26,30
BCAM7,2026-05,Domestic Dog,0,30
BCAM7,2026-05,Human,0,30
BCAM7,2026-05,Human-Camera Trapper,1,30
BCAM7,2026-05,Mule Deer,10,30
BCAM7,2026-05,North American River Otter,1,30
BCAM7,2026-05,Northern Elephant Seal,0,30
BCAM7,2026-05,Northern Raccoon,18,30
BCAM7,2026-05,Striped Skunk,3,30
BCAM7,2026-05,Brush Rabbit,0,30
BCAM7,2026-05,Californian Sea Lion,0,30
BCAM7,2026-05,Domestic Cattle,0,30
BCAM7,2026-05,Elk,0,30
BCAM7,2026-05,Black-tailed Jackrabbit,0,30
BCAM7,2025-01,American Badger,0,31
BCAM7,2025-01,Bobcat,0,31
BCAM7,2025-01,Coyote,53,31
BCAM7,2025-01,Domestic Dog,0,31
BCAM7,2025-01,Human,0,31
BCAM7,2025-01,Human-Camera Trapper,2,31
BCAM7,2025-01,Mule Deer,2,31
BCAM7,2025-01,North American River Otter,0,31
BCAM7,2025-01,Northern Elephant Seal,0,31
BCAM7,2025-01,Northern Raccoon,19,31
BCAM7,2025-01,Striped Skunk,0,31
BCAM7,2025-01,Brush Rabbit,0,31
BCAM7,2025-01,Californian Sea Lion,0,31
BCAM7,2025-01,Domestic Cattle,0,31
BCAM7,2025-01,Elk,0,31
BCAM7,2025-01,Black-tailed Jackrabbit,0,31
BCAM7,2025-02,American Badger,0,28
BCAM7,2025-02,Bobcat,0,28
BCAM7,2025-02,Coyote,18,28
BCAM7,2025-02,Domestic Dog,0,28
BCAM7,2025-02,Human,0,28
BCAM7,2025-02,Human-Camera Trapper,4,28
BCAM7,2025-02,Mule Deer,4,28
BCAM7,2025-02,North American River Otter,0,28
BCAM7,2025-02,Northern Elephant Seal,0,28
BCAM7,2025-02,Northern Raccoon,5,28
BCAM7,2025-02,Striped Skunk,0,28
BCAM7,2025-02,Brush Rabbit,0,28
BCAM7,2025-02,Californian Sea Lion,0,28
BCAM7,2025-02,Domestic Cattle,0,28
BCAM7,2025-02,Elk,0,28
BCAM7,2025-02,Black-tailed Jackrabbit,0,28
BCAM8,2023-09,American Badger,0,23
BCAM8,2023-09,Bobcat,2,23
BCAM8,2023-09,Coyote,2,23
BCAM8,2023-09,Domestic Dog,0,23
BCAM8,2023-09,Human,9,23
BCAM8,2023-09,Human-Camera Trapper,3,23
BCAM8,2023-09,Mule Deer,20,23
BCAM8,2023-09,North American River Otter,58,23
BCAM8,2023-09,Northern Elephant Seal,0,23
BCAM8,2023-09,Northern Raccoon,63,23
BCAM8,2023-09,Striped Skunk,0,23
BCAM8,2023-09,Brush Rabbit,0,23
BCAM8,2023-09,Californian Sea Lion,0,23
BCAM8,2023-09,Domestic Cattle,0,23
BCAM8,2023-09,Elk,0,23
BCAM8,2023-09,Black-tailed Jackrabbit,0,23
BCAM8,2023-10,American Badger,0,15
BCAM8,2023-10,Bobcat,0,15
BCAM8,2023-10,Coyote,11,15
BCAM8,2023-10,Domestic Dog,0,15
BCAM8,2023-10,Human,4,15
BCAM8,2023-10,Human-Camera Trapper,1,15
BCAM8,2023-10,Mule Deer,8,15
BCAM8,2023-10,North American River Otter,29,15
BCAM8,2023-10,Northern Elephant Seal,0,15
BCAM8,2023-10,Northern Raccoon,48,15
BCAM8,2023-10,Striped Skunk,0,15
BCAM8,2023-10,Brush Rabbit,0,15
BCAM8,2023-10,Californian Sea Lion,0,15
BCAM8,2023-10,Domestic Cattle,0,15
BCAM8,2023-10,Elk,0,15
BCAM8,2023-10,Black-tailed Jackrabbit,0,15
BCAM8,2023-11,American Badger,0,4
BCAM8,2023-11,Bobcat,0,4
BCAM8,2023-11,Coyote,0,4
BCAM8,2023-11,Domestic Dog,0,4
BCAM8,2023-11,Human,0,4
BCAM8,2023-11,Human-Camera Trapper,1,4
BCAM8,2023-11,Mule Deer,2,4
BCAM8,2023-11,North American River Otter,6,4
BCAM8,2023-11,Northern Elephant Seal,0,4
BCAM8,2023-11,Northern Raccoon,10,4
BCAM8,2023-11,Striped Skunk,0,4
BCAM8,2023-11,Brush Rabbit,0,4
BCAM8,2023-11,Californian Sea Lion,0,4
BCAM8,2023-11,Domestic Cattle,0,4
BCAM8,2023-11,Elk,0,4
BCAM8,2023-11,Black-tailed Jackrabbit,0,4
BCAM9,2024-01,American Badger,0,31
BCAM9,2024-01,Bobcat,0,31
BCAM9,2024-01,Coyote,4,31
BCAM9,2024-01,Domestic Dog,0,31
BCAM9,2024-01,Human,1,31
BCAM9,2024-01,Human-Camera Trapper,4,31
BCAM9,2024-01,Mule Deer,0,31
BCAM9,2024-01,North American River Otter,0,31
BCAM9,2024-01,Northern Elephant Seal,1,31
BCAM9,2024-01,Northern Raccoon,0,31
BCAM9,2024-01,Striped Skunk,0,31
BCAM9,2024-01,Brush Rabbit,0,31
BCAM9,2024-01,Californian Sea Lion,0,31
BCAM9,2024-01,Domestic Cattle,0,31
BCAM9,2024-01,Elk,0,31
BCAM9,2024-01,Black-tailed Jackrabbit,0,31
BCAM9,2024-02,American Badger,0,29
BCAM9,2024-02,Bobcat,0,29
BCAM9,2024-02,Coyote,4,29
BCAM9,2024-02,Domestic Dog,0,29
BCAM9,2024-02,Human,0,29
BCAM9,2024-02,Human-Camera Trapper,2,29
BCAM9,2024-02,Mule Deer,0,29
BCAM9,2024-02,North American River Otter,0,29
BCAM9,2024-02,Northern Elephant Seal,10,29
BCAM9,2024-02,Northern Raccoon,0,29
BCAM9,2024-02,Striped Skunk,0,29
BCAM9,2024-02,Brush Rabbit,0,29
BCAM9,2024-02,Californian Sea Lion,0,29
BCAM9,2024-02,Domestic Cattle,0,29
BCAM9,2024-02,Elk,0,29
BCAM9,2024-02,Black-tailed Jackrabbit,0,29
BCAM9,2024-04,American Badger,0,30
BCAM9,2024-04,Bobcat,0,30
BCAM9,2024-04,Coyote,5,30
BCAM9,2024-04,Domestic Dog,0,30
BCAM9,2024-04,Human,2,30
BCAM9,2024-04,Human-Camera Trapper,2,30
BCAM9,2024-04,Mule Deer,0,30
BCAM9,2024-04,North American River Otter,0,30
BCAM9,2024-04,Northern Elephant Seal,0,30
BCAM9,2024-04,Northern Raccoon,3,30
BCAM9,2024-04,Striped Skunk,0,30
BCAM9,2024-04,Brush Rabbit,0,30
BCAM9,2024-04,Californian Sea Lion,0,30
BCAM9,2024-04,Domestic Cattle,0,30
BCAM9,2024-04,Elk,0,30
BCAM9,2024-04,Black-tailed Jackrabbit,0,30
BCAM9,2024-07,American Badger,0,31
BCAM9,2024-07,Bobcat,0,31
BCAM9,2024-07,Coyote,1,31
BCAM9,2024-07,Domestic Dog,0,31
BCAM9,2024-07,Human,1,31
BCAM9,2024-07,Human-Camera Trapper,0,31
BCAM9,2024-07,Mule Deer,1,31
BCAM9,2024-07,North American River Otter,0,31
BCAM9,2024-07,Northern Elephant Seal,0,31
BCAM9,2024-07,Northern Raccoon,5,31
BCAM9,2024-07,Striped Skunk,0,31
BCAM9,2024-07,Brush Rabbit,0,31
BCAM9,2024-07,Californian Sea Lion,0,31
BCAM9,2024-07,Domestic Cattle,0,31
BCAM9,2024-07,Elk,1,31
BCAM9,2024-07,Black-tailed Jackrabbit,0,31
BCAM9,2024-08,American Badger,0,31
BCAM9,2024-08,Bobcat,0,31
BCAM9,2024-08,Coyote,1,31
BCAM9,2024-08,Domestic Dog,0,31
BCAM9,2024-08,Human,3,31
BCAM9,2024-08,Human-Camera Trapper,2,31
BCAM9,2024-08,Mule Deer,0,31
BCAM9,2024-08,North American River Otter,0,31
BCAM9,2024-08,Northern Elephant Seal,0,31
BCAM9,2024-08,Northern Raccoon,5,31
BCAM9,2024-08,Striped Skunk,0,31
BCAM9,2024-08,Brush Rabbit,0,31
BCAM9,2024-08,Californian Sea Lion,0,31
BCAM9,2024-08,Domestic Cattle,0,31
BCAM9,2024-08,Elk,0,31
BCAM9,2024-08,Black-tailed Jackrabbit,0,31
BCAM9,2024-11,American Badger,0,30
BCAM9,2024-11,Bobcat,0,30
BCAM9,2024-11,Coyote,2,30
BCAM9,2024-11,Domestic Dog,0,30
BCAM9,2024-11,Human,2,30
BCAM9,2024-11,Human-Camera Trapper,2,30
BCAM9,2024-11,Mule Deer,0,30
BCAM9,2024-11,North American River Otter,0,30
BCAM9,2024-11,Northern Elephant Seal,0,30
BCAM9,2024-11,Northern Raccoon,9,30
BCAM9,2024-11,Striped Skunk,0,30
BCAM9,2024-11,Brush Rabbit,0,30
BCAM9,2024-11,Californian Sea Lion,0,30
BCAM9,2024-11,Domestic Cattle,0,30
BCAM9,2024-11,Elk,0,30
BCAM9,2024-11,Black-tailed Jackrabbit,0,30
BCAM9,2025-01,American Badger,0,31
BCAM9,2025-01,Bobcat,0,31
BCAM9,2025-01,Coyote,2,31
BCAM9,2025-01,Domestic Dog,0,31
BCAM9,2025-01,Human,0,31
BCAM9,2025-01,Human-Camera Trapper,2,31
BCAM9,2025-01,Mule Deer,0,31
BCAM9,2025-01,North American River Otter,0,31
BCAM9,2025-01,Northern Elephant Seal,0,31
BCAM9,2025-01,Northern Raccoon,15,31
BCAM9,2025-01,Striped Skunk,0,31
BCAM9,2025-01,Brush Rabbit,0,31
BCAM9,2025-01,Californian Sea Lion,0,31
BCAM9,2025-01,Domestic Cattle,0,31
BCAM9,2025-01,Elk,0,31
BCAM9,2025-01,Black-tailed Jackrabbit,0,31
BCAM9,2025-05,American Badger,0,31
BCAM9,2025-05,Bobcat,0,31
BCAM9,2025-05,Coyote,1,31
BCAM9,2025-05,Domestic Dog,0,31
BCAM9,2025-05,Human,3,31
BCAM9,2025-05,Human-Camera Trapper,0,31
BCAM9,2025-05,Mule Deer,0,31
BCAM9,2025-05,North American River Otter,0,31
BCAM9,2025-05,Northern Elephant Seal,0,31
BCAM9,2025-05,Northern Raccoon,9,31
BCAM9,2025-05,Striped Skunk,0,31
BCAM9,2025-05,Brush Rabbit,0,31
BCAM9,2025-05,Californian Sea Lion,0,31
BCAM9,2025-05,Domestic Cattle,0,31
BCAM9,2025-05,Elk,0,31
BCAM9,2025-05,Black-tailed Jackrabbit,0,31
BCAM9,2025-07,American Badger,0,31
BCAM9,2025-07,Bobcat,0,31
BCAM9,2025-07,Coyote,2,31
BCAM9,2025-07,Domestic Dog,0,31
BCAM9,2025-07,Human,5,31
BCAM9,2025-07,Human-Camera Trapper,0,31
BCAM9,2025-07,Mule Deer,0,31
BCAM9,2025-07,North American River Otter,0,31
BCAM9,2025-07,Northern Elephant Seal,0,31
BCAM9,2025-07,Northern Raccoon,13,31
BCAM9,2025-07,Striped Skunk,0,31
BCAM9,2025-07,Brush Rabbit,0,31
BCAM9,2025-07,Californian Sea Lion,0,31
BCAM9,2025-07,Domestic Cattle,0,31
BCAM9,2025-07,Elk,0,31
BCAM9,2025-07,Black-tailed Jackrabbit,0,31
BCAM9,2025-11,American Badger,0,30
BCAM9,2025-11,Bobcat,0,30
BCAM9,2025-11,Coyote,1,30
BCAM9,2025-11,Domestic Dog,0,30
BCAM9,2025-11,Human,2,30
BCAM9,2025-11,Human-Camera Trapper,0,30
BCAM9,2025-11,Mule Deer,0,30
BCAM9,2025-11,North American River Otter,3,30
BCAM9,2025-11,Northern Elephant Seal,0,30
BCAM9,2025-11,Northern Raccoon,9,30
BCAM9,2025-11,Striped Skunk,0,30
BCAM9,2025-11,Brush Rabbit,0,30
BCAM9,2025-11,Californian Sea Lion,0,30
BCAM9,2025-11,Domestic Cattle,0,30
BCAM9,2025-11,Elk,0,30
BCAM9,2025-11,Black-tailed Jackrabbit,0,30
BCAM9,2025-12,American Badger,0,31
BCAM9,2025-12,Bobcat,0,31
BCAM9,2025-12,Coyote,2,31
BCAM9,2025-12,Domestic Dog,0,31
BCAM9,2025-12,Human,0,31
BCAM9,2025-12,Human-Camera Trapper,2,31
BCAM9,2025-12,Mule Deer,0,31
BCAM9,2025-12,North American River Otter,4,31
BCAM9,2025-12,Northern Elephant Seal,0,31
BCAM9,2025-12,Northern Raccoon,5,31
BCAM9,2025-12,Striped Skunk,0,31
BCAM9,2025-12,Brush Rabbit,0,31
BCAM9,2025-12,Californian Sea Lion,0,31
BCAM9,2025-12,Domestic Cattle,0,31
BCAM9,2025-12,Elk,0,31
BCAM9,2025-12,Black-tailed Jackrabbit,0,31
BCAM9,2026-02,American Badger,0,28
BCAM9,2026-02,Bobcat,0,28
BCAM9,2026-02,Coyote,3,28
BCAM9,2026-02,Domestic Dog,0,28
BCAM9,2026-02,Human,0,28
BCAM9,2026-02,Human-Camera Trapper,2,28
BCAM9,2026-02,Mule Deer,0,28
BCAM9,2026-02,North American River Otter,0,28
BCAM9,2026-02,Northern Elephant Seal,0,28
BCAM9,2026-02,Northern Raccoon,3,28
BCAM9,2026-02,Striped Skunk,0,28
BCAM9,2026-02,Brush Rabbit,0,28
BCAM9,2026-02,Californian Sea Lion,0,28
BCAM9,2026-02,Domestic Cattle,0,28
BCAM9,2026-02,Elk,0,28
BCAM9,2026-02,Black-tailed Jackrabbit,0,28
BCAM9,2026-03,American Badger,0,31
BCAM9,2026-03,Bobcat,0,31
BCAM9,2026-03,Coyote,7,31
BCAM9,2026-03,Domestic Dog,0,31
BCAM9,2026-03,Human,0,31
BCAM9,2026-03,Human-Camera Trapper,0,31
BCAM9,2026-03,Mule Deer,0,31
BCAM9,2026-03,North American River Otter,1,31
BCAM9,2026-03,Northern Elephant Seal,0,31
BCAM9,2026-03,Northern Raccoon,14,31
BCAM9,2026-03,Striped Skunk,0,31
BCAM9,2026-03,Brush Rabbit,0,31
BCAM9,2026-03,Californian Sea Lion,0,31
BCAM9,2026-03,Domestic Cattle,0,31
BCAM9,2026-03,Elk,0,31
BCAM9,2026-03,Black-tailed Jackrabbit,0,31
BCAM9,2026-04,American Badger,0,30
BCAM9,2026-04,Bobcat,0,30
BCAM9,2026-04,Coyote,2,30
BCAM9,2026-04,Domestic Dog,0,30
BCAM9,2026-04,Human,2,30
BCAM9,2026-04,Human-Camera Trapper,2,30
BCAM9,2026-04,Mule Deer,0,30
BCAM9,2026-04,North American River Otter,0,30
BCAM9,2026-04,Northern Elephant Seal,0,30
BCAM9,2026-04,Northern Raccoon,11,30
BCAM9,2026-04,Striped Skunk,0,30
BCAM9,2026-04,Brush Rabbit,0,30
BCAM9,2026-04,Californian Sea Lion,0,30
BCAM9,2026-04,Domestic Cattle,0,30
BCAM9,2026-04,Elk,0,30
BCAM9,2026-04,Black-tailed Jackrabbit,0,30
BCAM9,2026-05,American Badger,0,30
BCAM9,2026-05,Bobcat,0,30
BCAM9,2026-05,Coyote,1,30
BCAM9,2026-05,Domestic Dog,0,30
BCAM9,2026-05,Human,0,30
BCAM9,2026-05,Human-Camera Trapper,1,30
BCAM9,2026-05,Mule Deer,1,30
BCAM9,2026-05,North American River Otter,0,30
BCAM9,2026-05,Northern Elephant Seal,0,30
BCAM9,2026-05,Northern Raccoon,40,30
BCAM9,2026-05,Striped Skunk,0,30
BCAM9,2026-05,Brush Rabbit,0,30
BCAM9,2026-05,Californian Sea Lion,0,30
BCAM9,2026-05,Domestic Cattle,0,30
BCAM9,2026-05,Elk,0,30
BCAM9,2026-05,Black-tailed Jackrabbit,0,30
BCAM9,2025-08,American Badger,0,31
BCAM9,2025-08,Bobcat,0,31
BCAM9,2025-08,Coyote,0,31
BCAM9,2025-08,Domestic Dog,0,31
BCAM9,2025-08,Human,5,31
BCAM9,2025-08,Human-Camera Trapper,2,31
BCAM9,2025-08,Mule Deer,2,31
BCAM9,2025-08,North American River Otter,1,31
BCAM9,2025-08,Northern Elephant Seal,0,31
BCAM9,2025-08,Northern Raccoon,3,31
BCAM9,2025-08,Striped Skunk,0,31
BCAM9,2025-08,Brush Rabbit,0,31
BCAM9,2025-08,Californian Sea Lion,0,31
BCAM9,2025-08,Domestic Cattle,0,31
BCAM9,2025-08,Elk,6,31
BCAM9,2025-08,Black-tailed Jackrabbit,0,31
BCAM9,2023-09,American Badger,0,26
BCAM9,2023-09,Bobcat,0,26
BCAM9,2023-09,Coyote,0,26
BCAM9,2023-09,Domestic Dog,0,26
BCAM9,2023-09,Human,1,26
BCAM9,2023-09,Human-Camera Trapper,3,26
BCAM9,2023-09,Mule Deer,2,26
BCAM9,2023-09,North American River Otter,0,26
BCAM9,2023-09,Northern Elephant Seal,0,26
BCAM9,2023-09,Northern Raccoon,5,26
BCAM9,2023-09,Striped Skunk,0,26
BCAM9,2023-09,Brush Rabbit,0,26
BCAM9,2023-09,Californian Sea Lion,0,26
BCAM9,2023-09,Domestic Cattle,0,26
BCAM9,2023-09,Elk,0,26
BCAM9,2023-09,Black-tailed Jackrabbit,0,26
BCAM9,2023-10,American Badger,0,31
BCAM9,2023-10,Bobcat,0,31
BCAM9,2023-10,Coyote,0,31
BCAM9,2023-10,Domestic Dog,0,31
BCAM9,2023-10,Human,4,31
BCAM9,2023-10,Human-Camera Trapper,1,31
BCAM9,2023-10,Mule Deer,0,31
BCAM9,2023-10,North American River Otter,0,31
BCAM9,2023-10,Northern Elephant Seal,0,31
BCAM9,2023-10,Northern Raccoon,13,31
BCAM9,2023-10,Striped Skunk,0,31
BCAM9,2023-10,Brush Rabbit,0,31
BCAM9,2023-10,Californian Sea Lion,0,31
BCAM9,2023-10,Domestic Cattle,0,31
BCAM9,2023-10,Elk,0,31
BCAM9,2023-10,Black-tailed Jackrabbit,0,31
BCAM9,2023-12,American Badger,0,11
BCAM9,2023-12,Bobcat,0,11
BCAM9,2023-12,Coyote,0,11
BCAM9,2023-12,Domestic Dog,0,11
BCAM9,2023-12,Human,1,11
BCAM9,2023-12,Human-Camera Trapper,1,11
BCAM9,2023-12,Mule Deer,1,11
BCAM9,2023-12,North American River Otter,0,11
BCAM9,2023-12,Northern Elephant Seal,1,11
BCAM9,2023-12,Northern Raccoon,1,11
BCAM9,2023-12,Striped Skunk,0,11
BCAM9,2023-12,Brush Rabbit,0,11
BCAM9,2023-12,Californian Sea Lion,0,11
BCAM9,2023-12,Domestic Cattle,0,11
BCAM9,2023-12,Elk,0,11
BCAM9,2023-12,Black-tailed Jackrabbit,0,11
BCAM9,2024-05,American Badger,0,31
BCAM9,2024-05,Bobcat,0,31
BCAM9,2024-05,Coyote,0,31
BCAM9,2024-05,Domestic Dog,0,31
BCAM9,2024-05,Human,4,31
BCAM9,2024-05,Human-Camera Trapper,2,31
BCAM9,2024-05,Mule Deer,0,31
BCAM9,2024-05,North American River Otter,0,31
BCAM9,2024-05,Northern Elephant Seal,0,31
BCAM9,2024-05,Northern Raccoon,6,31
BCAM9,2024-05,Striped Skunk,0,31
BCAM9,2024-05,Brush Rabbit,0,31
BCAM9,2024-05,Californian Sea Lion,0,31
BCAM9,2024-05,Domestic Cattle,0,31
BCAM9,2024-05,Elk,0,31
BCAM9,2024-05,Black-tailed Jackrabbit,0,31
BCAM9,2024-06,American Badger,0,30
BCAM9,2024-06,Bobcat,0,30
BCAM9,2024-06,Coyote,0,30
BCAM9,2024-06,Domestic Dog,0,30
BCAM9,2024-06,Human,3,30
BCAM9,2024-06,Human-Camera Trapper,4,30
BCAM9,2024-06,Mule Deer,0,30
BCAM9,2024-06,North American River Otter,0,30
BCAM9,2024-06,Northern Elephant Seal,0,30
BCAM9,2024-06,Northern Raccoon,8,30
BCAM9,2024-06,Striped Skunk,0,30
BCAM9,2024-06,Brush Rabbit,0,30
BCAM9,2024-06,Californian Sea Lion,0,30
BCAM9,2024-06,Domestic Cattle,0,30
BCAM9,2024-06,Elk,0,30
BCAM9,2024-06,Black-tailed Jackrabbit,0,30
BCAM9,2024-09,American Badger,0,30
BCAM9,2024-09,Bobcat,0,30
BCAM9,2024-09,Coyote,0,30
BCAM9,2024-09,Domestic Dog,0,30
BCAM9,2024-09,Human,1,30
BCAM9,2024-09,Human-Camera Trapper,2,30
BCAM9,2024-09,Mule Deer,1,30
BCAM9,2024-09,North American River Otter,0,30
BCAM9,2024-09,Northern Elephant Seal,0,30
BCAM9,2024-09,Northern Raccoon,1,30
BCAM9,2024-09,Striped Skunk,0,30
BCAM9,2024-09,Brush Rabbit,0,30
BCAM9,2024-09,Californian Sea Lion,0,30
BCAM9,2024-09,Domestic Cattle,0,30
BCAM9,2024-09,Elk,0,30
BCAM9,2024-09,Black-tailed Jackrabbit,0,30
BCAM9,2024-10,American Badger,0,31
BCAM9,2024-10,Bobcat,0,31
BCAM9,2024-10,Coyote,0,31
BCAM9,2024-10,Domestic Dog,0,31
BCAM9,2024-10,Human,3,31
BCAM9,2024-10,Human-Camera Trapper,3,31
BCAM9,2024-10,Mule Deer,0,31
BCAM9,2024-10,North American River Otter,0,31
BCAM9,2024-10,Northern Elephant Seal,0,31
BCAM9,2024-10,Northern Raccoon,8,31
BCAM9,2024-10,Striped Skunk,0,31
BCAM9,2024-10,Brush Rabbit,0,31
BCAM9,2024-10,Californian Sea Lion,0,31
BCAM9,2024-10,Domestic Cattle,0,31
BCAM9,2024-10,Elk,0,31
BCAM9,2024-10,Black-tailed Jackrabbit,0,31
BCAM9,2024-12,American Badger,0,31
BCAM9,2024-12,Bobcat,0,31
BCAM9,2024-12,Coyote,0,31
BCAM9,2024-12,Domestic Dog,0,31
BCAM9,2024-12,Human,1,31
BCAM9,2024-12,Human-Camera Trapper,2,31
BCAM9,2024-12,Mule Deer,0,31
BCAM9,2024-12,North American River Otter,1,31
BCAM9,2024-12,Northern Elephant Seal,0,31
BCAM9,2024-12,Northern Raccoon,14,31
BCAM9,2024-12,Striped Skunk,0,31
BCAM9,2024-12,Brush Rabbit,0,31
BCAM9,2024-12,Californian Sea Lion,0,31
BCAM9,2024-12,Domestic Cattle,0,31
BCAM9,2024-12,Elk,0,31
BCAM9,2024-12,Black-tailed Jackrabbit,0,31
BCAM9,2025-03,American Badger,0,31
BCAM9,2025-03,Bobcat,0,31
BCAM9,2025-03,Coyote,0,31
BCAM9,2025-03,Domestic Dog,0,31
BCAM9,2025-03,Human,1,31
BCAM9,2025-03,Human-Camera Trapper,2,31
BCAM9,2025-03,Mule Deer,0,31
BCAM9,2025-03,North American River Otter,0,31
BCAM9,2025-03,Northern Elephant Seal,0,31
BCAM9,2025-03,Northern Raccoon,19,31
BCAM9,2025-03,Striped Skunk,0,31
BCAM9,2025-03,Brush Rabbit,0,31
BCAM9,2025-03,Californian Sea Lion,0,31
BCAM9,2025-03,Domestic Cattle,0,31
BCAM9,2025-03,Elk,0,31
BCAM9,2025-03,Black-tailed Jackrabbit,0,31
BCAM9,2025-06,American Badger,0,30
BCAM9,2025-06,Bobcat,0,30
BCAM9,2025-06,Coyote,0,30
BCAM9,2025-06,Domestic Dog,0,30
BCAM9,2025-06,Human,4,30
BCAM9,2025-06,Human-Camera Trapper,4,30
BCAM9,2025-06,Mule Deer,0,30
BCAM9,2025-06,North American River Otter,0,30
BCAM9,2025-06,Northern Elephant Seal,0,30
BCAM9,2025-06,Northern Raccoon,12,30
BCAM9,2025-06,Striped Skunk,0,30
BCAM9,2025-06,Brush Rabbit,0,30
BCAM9,2025-06,Californian Sea Lion,0,30
BCAM9,2025-06,Domestic Cattle,0,30
BCAM9,2025-06,Elk,0,30
BCAM9,2025-06,Black-tailed Jackrabbit,0,30
BCAM9,2025-09,American Badger,0,30
BCAM9,2025-09,Bobcat,0,30
BCAM9,2025-09,Coyote,0,30
BCAM9,2025-09,Domestic Dog,0,30
BCAM9,2025-09,Human,2,30
BCAM9,2025-09,Human-Camera Trapper,2,30
BCAM9,2025-09,Mule Deer,4,30
BCAM9,2025-09,North American River Otter,0,30
BCAM9,2025-09,Northern Elephant Seal,0,30
BCAM9,2025-09,Northern Raccoon,3,30
BCAM9,2025-09,Striped Skunk,0,30
BCAM9,2025-09,Brush Rabbit,0,30
BCAM9,2025-09,Californian Sea Lion,0,30
BCAM9,2025-09,Domestic Cattle,0,30
BCAM9,2025-09,Elk,0,30
BCAM9,2025-09,Black-tailed Jackrabbit,0,30
BCAM9,2025-10,American Badger,0,31
BCAM9,2025-10,Bobcat,0,31
BCAM9,2025-10,Coyote,0,31
BCAM9,2025-10,Domestic Dog,0,31
BCAM9,2025-10,Human,6,31
BCAM9,2025-10,Human-Camera Trapper,2,31
BCAM9,2025-10,Mule Deer,0,31
BCAM9,2025-10,North American River Otter,5,31
BCAM9,2025-10,Northern Elephant Seal,0,31
BCAM9,2025-10,Northern Raccoon,9,31
BCAM9,2025-10,Striped Skunk,0,31
BCAM9,2025-10,Brush Rabbit,0,31
BCAM9,2025-10,Californian Sea Lion,0,31
BCAM9,2025-10,Domestic Cattle,0,31
BCAM9,2025-10,Elk,0,31
BCAM9,2025-10,Black-tailed Jackrabbit,0,31
BCAM9,2026-01,American Badger,0,31
BCAM9,2026-01,Bobcat,0,31
BCAM9,2026-01,Coyote,0,31
BCAM9,2026-01,Domestic Dog,0,31
BCAM9,2026-01,Human,2,31
BCAM9,2026-01,Human-Camera Trapper,2,31
BCAM9,2026-01,Mule Deer,0,31
BCAM9,2026-01,North American River Otter,0,31
BCAM9,2026-01,Northern Elephant Seal,0,31
BCAM9,2026-01,Northern Raccoon,3,31
BCAM9,2026-01,Striped Skunk,0,31
BCAM9,2026-01,Brush Rabbit,0,31
BCAM9,2026-01,Californian Sea Lion,0,31
BCAM9,2026-01,Domestic Cattle,0,31
BCAM9,2026-01,Elk,0,31
BCAM9,2026-01,Black-tailed Jackrabbit,0,31
BCAM9,2023-11,American Badger,0,11
BCAM9,2023-11,Bobcat,0,11
BCAM9,2023-11,Coyote,0,11
BCAM9,2023-11,Domestic Dog,0,11
BCAM9,2023-11,Human,0,11
BCAM9,2023-11,Human-Camera Trapper,2,11
BCAM9,2023-11,Mule Deer,0,11
BCAM9,2023-11,North American River Otter,2,11
BCAM9,2023-11,Northern Elephant Seal,0,11
BCAM9,2023-11,Northern Raccoon,2,11
BCAM9,2023-11,Striped Skunk,0,11
BCAM9,2023-11,Brush Rabbit,0,11
BCAM9,2023-11,Californian Sea Lion,0,11
BCAM9,2023-11,Domestic Cattle,0,11
BCAM9,2023-11,Elk,0,11
BCAM9,2023-11,Black-tailed Jackrabbit,0,11
BCAM9,2024-03,American Badger,0,31
BCAM9,2024-03,Bobcat,0,31
BCAM9,2024-03,Coyote,0,31
BCAM9,2024-03,Domestic Dog,0,31
BCAM9,2024-03,Human,0,31
BCAM9,2024-03,Human-Camera Trapper,2,31
BCAM9,2024-03,Mule Deer,0,31
BCAM9,2024-03,North American River Otter,0,31
BCAM9,2024-03,Northern Elephant Seal,0,31
BCAM9,2024-03,Northern Raccoon,6,31
BCAM9,2024-03,Striped Skunk,0,31
BCAM9,2024-03,Brush Rabbit,0,31
BCAM9,2024-03,Californian Sea Lion,0,31
BCAM9,2024-03,Domestic Cattle,0,31
BCAM9,2024-03,Elk,0,31
BCAM9,2024-03,Black-tailed Jackrabbit,0,31
BCAM9,2025-02,American Badger,0,28
BCAM9,2025-02,Bobcat,0,28
BCAM9,2025-02,Coyote,0,28
BCAM9,2025-02,Domestic Dog,0,28
BCAM9,2025-02,Human,0,28
BCAM9,2025-02,Human-Camera Trapper,4,28
BCAM9,2025-02,Mule Deer,0,28
BCAM9,2025-02,North American River Otter,0,28
BCAM9,2025-02,Northern Elephant Seal,0,28
BCAM9,2025-02,Northern Raccoon,17,28
BCAM9,2025-02,Striped Skunk,0,28
BCAM9,2025-02,Brush Rabbit,0,28
BCAM9,2025-02,Californian Sea Lion,0,28
BCAM9,2025-02,Domestic Cattle,0,28
BCAM9,2025-02,Elk,0,28
BCAM9,2025-02,Black-tailed Jackrabbit,0,28
BCAM9,2025-04,American Badger,0,30
BCAM9,2025-04,Bobcat,0,30
BCAM9,2025-04,Coyote,0,30
BCAM9,2025-04,Domestic Dog,0,30
BCAM9,2025-04,Human,0,30
BCAM9,2025-04,Human-Camera Trapper,2,30
BCAM9,2025-04,Mule Deer,0,30
BCAM9,2025-04,North American River Otter,0,30
BCAM9,2025-04,Northern Elephant Seal,0,30
BCAM9,2025-04,Northern Raccoon,9,30
BCAM9,2025-04,Striped Skunk,0,30
BCAM9,2025-04,Brush Rabbit,0,30
BCAM9,2025-04,Californian Sea Lion,0,30
BCAM9,2025-04,Domestic Cattle,0,30
BCAM9,2025-04,Elk,0,30
BCAM9,2025-04,Black-tailed Jackrabbit,0,30
